,name,category,labels,resource,github_id,license,description,github_url,homepage,created_at,updated_at,last_commit_pushed_at,commit_count,fork_count,open_issue_count,star_count,contributor_count,projectrank,show,docs_url,watchers_count,pr_count,closed_issue_count,latest_stable_release_published_at,latest_stable_release_number,release_count,recent_commit_count,pypi_id,conda_id,github_release_downloads,monthly_downloads,dependent_project_count,github_dependent_project_count,pypi_url,pypi_latest_release_published_at,pypi_dependent_project_count,pypi_monthly_downloads,conda_url,conda_latest_release_published_at,conda_total_downloads,projectrank_placing,dockerhub_id,dockerhub_url,dockerhub_latest_release_published_at,dockerhub_pulls,trending,dockerhub_stars,updated_github_id
0,Australian MV-LV Networks,data,"['jupyter', 'python', 'university']",True,Team-Nando/MV-LV-Networks,BSD-3,Large-scale three-phase Australian MV distribution networks with pseudo LV networks.,https://github.com/Team-Nando/MV-LV-Networks,https://github.com/Team-Nando/MV-LV-Networks,2024-03-26 03:29:17,2024-03-27 00:24:02.000000,2024-03-27 00:23:23,9.0,10.0,1.0,26.0,2.0,0,True,,,,,,,,,,,,,,,,,,,,,,,,,,,,,
1,Power Grid Lib - Optimal Power Flow,data,['non-profit'],True,power-grid-lib/pglib-opf,CC-BY-4.0,Benchmarks for OPF.,https://github.com/power-grid-lib/pglib-opf,https://power-grid-lib.github.io,2017-06-27 19:02:06,2023-07-24 16:17:02.000000,2023-07-24 16:12:04,15.0,88.0,15.0,339.0,1.0,0,True,https://arxiv.org/abs/1908.02788,26.0,11.0,23.0,2023-07-24 16:17:02.000,23.07,8.0,,,,,,,,,,,,,,,,,,,,,,
2,Power Grid Lib - Unit Commitment,data,['non-profit'],True,power-grid-lib/pglib-uc,CC-BY-4.0,Benchmarks for UC.,https://github.com/power-grid-lib/pglib-uc,https://power-grid-lib.github.io,2019-08-02 23:31:34,2024-06-11 11:36:48.000000,2021-09-28 14:57:15,15.0,32.0,4.0,95.0,3.0,0,True,,4.0,2.0,1.0,2019-08-07 20:35:09.000,19.08,1.0,,,,,,,,,,,,,,,,,,,,,,
3,Power Grid Lib - Optimal Power Flow with HVDC Lines,data,['non-profit'],True,power-grid-lib/pglib-opf-hvdc,CC-BY-4.0,Benchmarks for OPF with HVDC.,https://github.com/power-grid-lib/pglib-opf-hvdc,https://power-grid-lib.github.io,2019-08-05 18:59:16,2023-10-06 14:38:09.000000,2023-10-06 14:35:21,15.0,7.0,,24.0,2.0,0,True,https://ieeexplore.ieee.org/document/8636236,1.0,1.0,,2023-10-06 14:38:45.000,23.09,2.0,,,,,,,,,,,,,,,,,,,,,,
4,WECC-and-NPCC-Electricity-Economic-Data,data,['university'],True,enliten/ENLITEN-Grid-Econ-Data,GPL-3,Economic data on WECC and NPCC.,https://github.com/enliten/ENLITEN-Grid-Econ-Data,https://github.com/enliten/ENLITEN-Grid-Econ-Data,2022-12-05 19:17:45,2024-06-04 17:21:48.000000,2024-06-04 17:21:47,42.0,2.0,,8.0,4.0,0,True,,2.0,,,2022-12-06 05:06:06.000,WECC-and-NPCC,1.0,,,,,,,,,,,,,,,,,,,,,,
5,OpenDataElia,data,['non-profit'],True,,CC-BY-4.0,Data by opendatasoft.,,https://opendata.elia.be/pages/home/,,,,,,,,,0,True,https://help.opendatasoft.com/en/home,,,,,,,,,,,,,,,,,,,,,,,,,,,,
6,Data on Energy,data,['non-profit'],True,owid/energy-data,CC-BY,Data on energy by Our World in Data.,https://github.com/owid/energy-data,https://github.com/owid/energy-data,2020-09-08 15:21:25,2025-05-30 09:49:12.000000,2025-05-30 09:49:08,273.0,105.0,1.0,333.0,7.0,0,True,,14.0,36.0,10.0,,,,7.0,,,,,,,,,,,,,,,,,,,,,
7,COVID-EMDA,data,"['python', 'university']",True,tamu-engineering-research/COVID-EMDA,MIT,Cross-Domain Data Hub with Data in USA.,https://github.com/tamu-engineering-research/COVID-EMDA,https://github.com/tamu-engineering-research/COVID-EMDA,2020-05-05 18:59:53,2024-04-23 16:12:16.000000,2024-04-23 16:11:59,986.0,20.0,1.0,61.0,5.0,0,True,,5.0,,,,,,,,,,,,,,,,,,,,,,,,,,,
8,Electrical Signals Databases,data,['for-profit'],True,rte-france/digital-fault-recording-database,ODbL-1.0,Voltage and current samples from Digital Fault Recorder.,https://github.com/rte-france/digital-fault-recording-database,https://github.com/rte-france/digital-fault-recording-database,2024-05-27 07:22:44,2025-02-10 12:00:46.000000,2025-02-10 12:00:45,18.0,8.0,2.0,27.0,2.0,0,True,,1.0,,,,,,,,,,,,,,,,,,,,,,,,,,,
9,A new power system benchmark,data,['lab'],True,lbl-hub/CSEE-Benchmark,,A new type of power system calculation example by the China EPRI.,https://github.com/lbl-hub/CSEE-Benchmark,https://github.com/lbl-hub/CSEE-Benchmark,2023-12-18 09:09:08,2024-02-21 11:00:25.000000,2024-02-21 11:00:25,151.0,6.0,,30.0,,0,True,,1.0,,,,,,,,,,,,,,,,,,,,,,,,,,,
10,pmuBAGE,data,['university'],True,NanpengYu/pmuBAGE,,Synthetic phasor measurement unit dataset.,https://github.com/NanpengYu/pmuBAGE,https://github.com/NanpengYu/pmuBAGE,2022-03-18 05:10:00,2022-04-07 00:15:41.000000,2022-04-07 00:15:41,18.0,2.0,1.0,9.0,2.0,0,True,,1.0,,,,,,,,,,,,,,,,,,,,,,,,,,,
11,PowerCyber Training,book,"['jupyter', 'gha', 'python', 'university']",True,PowerCyberTraining/powercybertraining.github.io,CC BY-NC-ND 4.0,PowerCyber Training modules source.,https://github.com/PowerCyberTraining/powercybertraining.github.io,https://powercybertraining.github.io,2024-02-16 22:06:15,2025-05-08 17:45:26.000000,2025-04-24 17:13:00,216.0,2.0,,3.0,8.0,0,True,,1.0,22.0,1.0,,,,79.0,,,,,,,,,,,,,,,,,,,,,
12,TextbookSimulations,book,"['julia', 'jupyter', 'university']",True,Power-Systems-Textbook/TextbookSimulations,CC0-1.0,Examples and problems accompanying Daniel Kirschens Power Systems Textbook.,https://github.com/Power-Systems-Textbook/TextbookSimulations,https://github.com/Power-Systems-Textbook/TextbookSimulations,2022-10-12 19:10:15,2023-11-08 22:54:41.000000,2023-11-08 22:54:34,56.0,3.0,,11.0,2.0,0,True,,,4.0,,,,,,,,,,,,,,,,,,,,,,,,,,
13,UTK ECE 522 - Power System Analysis II,book,"['python', 'jupyter', 'university']",True,CURENT/ece522,MIT,Hands-on Project for Power System Analysis II (UTK ECE 522).,https://github.com/CURENT/ece522,https://github.com/CURENT/ece522,2023-01-18 03:35:44,2025-02-01 19:05:43.000000,2025-02-01 19:05:41,14.0,1.0,,5.0,4.0,0,True,,2.0,1.0,,,,,,,,,,,,,,,,,,,,,,,,,,
14,ELEC0447 Analysis of Electric Power and Energy Systems,book,"['python', 'jupyter', 'university']",True,bcornelusse/ELEC0447-analysis-power-systems,BSD-2.0,Masters course of power systems analysis at ULige.,https://github.com/bcornelusse/ELEC0447-analysis-power-systems,https://github.com/bcornelusse/ELEC0447-analysis-power-systems,2020-06-17 14:45:34,2024-11-28 10:42:50.000000,2024-11-28 10:42:45,268.0,7.0,1.0,23.0,6.0,0,True,,3.0,1.0,,,,,,,,,,,,,,,,,,,,,,,,,,
15,Tutorial on DER Hosting Capacity Part 0,book,"['jupyter', 'python', 'university']",True,Team-Nando/Tutorial-DERHostingCapacity-0-dss_python,BSD-3.0,Using dss_python.,https://github.com/Team-Nando/Tutorial-DERHostingCapacity-0-dss_python,https://github.com/Team-Nando/Tutorial-DERHostingCapacity-0-dss_python,2022-11-30 04:16:00,2024-12-09 04:10:44.000000,2024-12-09 04:10:38,45.0,4.0,,5.0,5.0,0,True,,,,,,,,,,,,,,,,,,,,,,,,,,,,,
16,Tutorial on DER Hosting Capacity Part 1,book,"['jupyter', 'python', 'university']",True,Team-Nando/Tutorial-DERHostingCapacity-1-AdvancedTools_LV,BSD-3.0,Advanced Tools for the Analysis of Three-Phase Unbalanced LV Networks.,https://github.com/Team-Nando/Tutorial-DERHostingCapacity-1-AdvancedTools_LV,https://github.com/Team-Nando/Tutorial-DERHostingCapacity-1-AdvancedTools_LV,2023-03-09 03:28:07,2025-03-25 01:08:53.000000,2025-03-25 01:08:48,33.0,3.0,,3.0,5.0,0,True,,,,,,,,1.0,,,,,,,,,,,,,,,,,,,,,
17,Tutorial on DER Hosting Capacity Part 2,book,"['jupyter', 'python', 'university']",True,Team-Nando/Tutorial-DERHostingCapacity-2-TimeSeries_LV,BSD-3.0,Time-Series Analysis and PV Hosting Capacity of LV Networks.,https://github.com/Team-Nando/Tutorial-DERHostingCapacity-2-TimeSeries_LV,https://github.com/Team-Nando/Tutorial-DERHostingCapacity-2-TimeSeries_LV,2022-12-01 03:15:41,2025-03-25 01:02:03.000000,2025-03-25 01:02:01,40.0,1.0,,2.0,6.0,0,True,,,,,,,,1.0,,,,,,,,,,,,,,,,,,,,,
18,Tutorial on DER Hosting Capacity Part 3,book,"['jupyter', 'python', 'university']",True,Team-Nando/Tutorial-DERHostingCapacity-3-VoltWatt_LV,BSD-3.0,Volt-Watt Control and PV Hosting Capacity of LV Networks.,https://github.com/Team-Nando/Tutorial-DERHostingCapacity-3-VoltWatt_LV,https://github.com/Team-Nando/Tutorial-DERHostingCapacity-3-VoltWatt_LV,2023-05-29 06:17:07,2025-03-31 02:33:02.000000,2025-03-31 02:32:56,19.0,,,1.0,4.0,0,True,,,,,,,,1.0,,,,,,,,,,,,,,,,,,,,,
19,Tutorial on DER Hosting Capacity Part 4,book,"['jupyter', 'python', 'university']",True,Team-Nando/Tutorial-DERHostingCapacity-4-MonteCarlo_MV-LV,BSD-3.0,Monte Carlo Assessment of PV Hosting Capacity of an Integrated MV-LV Network.,https://github.com/Team-Nando/Tutorial-DERHostingCapacity-4-MonteCarlo_MV-LV,https://github.com/Team-Nando/Tutorial-DERHostingCapacity-4-MonteCarlo_MV-LV,2023-05-29 23:51:23,2024-12-09 03:42:30.000000,2024-12-09 03:42:26,27.0,2.0,,2.0,5.0,0,True,,,,,,,,,,,,,,,,,,,,,,,,,,,,,
20,LTB Demo,book,"['jupyter', 'python', 'university']",True,CURENT/demo,MIT,Ready-to-use LTB usage examples.,https://github.com/CURENT/demo,https://ltb.curent.org,2023-03-28 15:37:01,2025-06-05 02:40:26.000000,2025-06-05 02:40:24,195.0,,1.0,2.0,3.0,0,True,,1.0,,,,,,110.0,,,,,,,,,,,,,,,,,,,,,
21,Pyomo,opl,"['gha', 'pypi', 'conda', 'jupyter', 'python', 'lab']",,Pyomo/pyomo,BSD-3,Python-based Optimization Modeling Language.,https://github.com/Pyomo/pyomo,https://www.pyomo.org,2016-05-27 19:33:45,2025-06-04 16:08:33.000000,2025-06-04 16:08:33,27169.0,531.0,314.0,2202.0,170.0,40,True,https://pyomo.readthedocs.io/en/stable/,60.0,2194.0,1126.0,2025-04-16 18:50:07.000,6.9.2,70.0,588.0,Pyomo,conda-forge/pyomo,4456.0,527052.0,4738.0,4455.0,https://pypi.org/project/Pyomo,2025-02-21 15:30:59.000,283.0,502204.0,https://anaconda.org/conda-forge/pyomo,2025-04-22 14:56:22.654,1484231.0,1.0,,,,,,,
22,CVXPY,opl,"['gha', 'pypi', 'conda', 'python', 'university']",,cvxpy/cvxpy,Apache-2,Convex optimization modeling language.,https://github.com/cvxpy/cvxpy,https://github.com/cvxpy/cvxpy,2013-07-01 23:48:58,2025-06-05 03:09:29.825000,2025-06-02 20:48:10,3639.0,1091.0,256.0,5766.0,217.0,38,True,http://www.cvxpy.org/,129.0,1124.0,1288.0,2025-06-04 20:50:51.000,1.6.6,136.0,27.0,cvxpy,conda-forge/cvxpy,599.0,2053655.0,18442.0,17796.0,https://pypi.org/project/cvxpy,2025-04-13 02:43:50.000,646.0,2025692.0,https://anaconda.org/conda-forge/cvxpy,2025-06-05 03:09:29.825,1677279.0,2.0,,,,,,,
23,OR-Tools,ops,"['gha', 'python', 'cpp', 'java', 'for-profit']",,google/or-tools,Apache-2,Google Optimization Tools.,https://github.com/google/or-tools,https://developers.google.com/optimization/,2015-02-21 01:25:35,2025-06-05 11:58:50.000000,2025-02-17 11:32:53,13600.0,2213.0,68.0,12045.0,182.0,37,True,https://developers.google.com/optimization/introduction,309.0,501.0,3018.0,2025-02-17 10:02:38.000,9.12,80.0,,ortools,conda-forge/ortools-python,913865.0,2010870.0,621.0,337.0,https://pypi.org/project/ortools,2025-02-17 09:52:42.000,284.0,2000459.0,https://anaconda.org/conda-forge/ortools-python,2025-04-22 14:58:03.564,114463.0,1.0,,,,,,,
24,Xopt,ops,"['gha', 'python', 'pypi', 'conda', 'lab']",,google/or-tools,MPL-2.0,Flexible high-level optimization in Python.,https://github.com/google/or-tools,https://github.com/google/or-tools,2015-02-21 01:25:35,2025-06-05 11:58:50.000000,2025-02-17 11:32:53,13600.0,2213.0,68.0,12045.0,182.0,36,True,https://xopt.xopt.org/index.html,309.0,501.0,3018.0,2025-06-04 15:43:14.000,2.6.3,49.0,,xopt,conda-forge/xopt,913865.0,9558.0,340.0,337.0,https://pypi.org/project/xopt,2025-06-04 15:43:14.000,3.0,708.0,https://anaconda.org/conda-forge/xopt,2025-06-04 17:44:39.913,52002.0,1.0,,,,,,,
25,HiGHS,ops,"['gha', 'pypi', 'conda', 'jupyter', 'python', 'c', 'julia', 'rust', 'r', 'cpp', 'university']",,ERGO-Code/HiGHS,MIT,Large-scale Sparse Linear Problem Optimizer.,https://github.com/ERGO-Code/HiGHS,https://highs.dev/,2018-03-27 13:57:58,2025-06-05 21:13:08.000000,2025-06-05 21:09:46,11993.0,221.0,110.0,1205.0,91.0,36,True,https://ergo-code.github.io/HiGHS/,37.0,1353.0,779.0,2025-03-20 15:53:23.000,1.10.0,18.0,738.0,highspy,conda-forge/highs,3641.0,286767.0,1790.0,1723.0,https://pypi.org/project/highspy,2025-03-20 15:53:23.000,67.0,285537.0,https://anaconda.org/conda-forge/highs,2025-05-12 05:13:33.812,26316.0,1.0,,,,,,,
26,Tulip,ops,"['gha', 'julia', 'university']",,google/or-tools,MPL-2.0,Interior-point solver in pure Julia.,https://github.com/google/or-tools,https://github.com/google/or-tools,2015-02-21 01:25:35,2025-06-05 11:58:50.000000,2025-02-17 11:32:53,13600.0,2213.0,68.0,12045.0,182.0,34,True,https://ds4dm.github.io/Tulip.jl/stable/,309.0,501.0,3018.0,2025-02-17 10:02:38.000,9.12,49.0,,,,913865.0,7810.0,337.0,337.0,,,,,,,,2.0,,,,,,,
27,pandapower,steady-state,"['gha', 'pypi', 'conda', 'jupyter', 'python', 'university']",,e2nIEE/pandapower,BSD-3,Convenient Power System Modelling and Analysis.,https://github.com/e2nIEE/pandapower,https://www.pandapower.org/,2017-01-12 13:27:53,2025-06-04 15:18:17.000000,2025-05-27 14:07:57,9972.0,507.0,195.0,979.0,153.0,33,True,https://pandapower.readthedocs.io/en/latest/,51.0,1440.0,870.0,2025-05-26 12:05:23.000,3.1.1,51.0,177.0,pandapower,conda-forge/pandapower,,50625.0,558.0,492.0,https://pypi.org/project/pandapower,2025-05-26 12:05:23.000,66.0,50151.0,https://anaconda.org/conda-forge/pandapower,2025-05-26 16:41:17.758,27452.0,1.0,pauldepraz/pandapowerapi,https://hub.docker.com/r/pauldepraz/pandapowerapi,2021-02-09 18:05:17.389840,106.0,-1.0,,
28,OSQP,ops,"['gha', 'pypi', 'conda', 'python', 'c', 'julia', 'octave', 'r', 'university']",,osqp/osqp,Apache-2,Operator Splitting QP Solver.,https://github.com/osqp/osqp,https://osqp.org,2016-09-27 03:02:46,2025-06-05 13:49:21.000000,2025-06-04 17:59:27,2970.0,365.0,99.0,1865.0,36.0,32,True,https://osqp.org/docs/get_started/,42.0,297.0,276.0,2025-04-02 14:38:01.000,1.0.3,43.0,26.0,osqp,conda-forge/osqp,116062.0,2363701.0,110.0,,https://pypi.org/project/osqp,2025-05-08 15:15:55.000,110.0,2339954.0,https://anaconda.org/conda-forge/osqp,2025-04-22 14:56:51.918,1195839.0,2.0,,,,,,,
29,PyPSA,steady-state,"['gha', 'pypi', 'conda', 'python', 'jupyter', 'university']",,PyPSA/PyPSA,MIT,Python for Power System Analysis.,https://github.com/PyPSA/PyPSA,https://pypsa.org,2016-01-11 09:04:18,2025-06-05 17:35:45.000000,2025-06-05 15:23:43,2970.0,518.0,109.0,1528.0,99.0,32,True,https://pypsa.readthedocs.io/en/latest/,71.0,822.0,314.0,2025-04-07 06:19:53.000,0.34.1,70.0,62.0,pypsa,conda-forge/pypsa,,15377.0,317.0,290.0,https://pypi.org/project/pypsa,2025-04-07 06:19:53.000,27.0,13011.0,https://anaconda.org/conda-forge/pypsa,2025-04-22 14:57:05.764,139635.0,1.0,,,,,,,
30,PySCIPOpt,ops,"['gha', 'pypi', 'conda', 'python', 'lab']",,scipopt/PySCIPOpt,MIT,Python interface for SCIP.,https://github.com/scipopt/PySCIPOpt,https://www.scipopt.org/,2016-05-19 14:29:21,2025-06-05 16:02:02.000000,2025-06-05 14:26:41,2137.0,266.0,27.0,885.0,80.0,31,True,https://scipopt.github.io/PySCIPOpt/docs/html/,26.0,440.0,543.0,2025-05-10 10:42:24.000,5.5.0,70.0,25.0,PySCIPOpt,conda-forge/pyscipopt,,74927.0,421.0,365.0,https://pypi.org/project/PySCIPOpt,2025-05-10 09:04:05.000,56.0,65131.0,https://anaconda.org/conda-forge/pyscipopt,2025-05-10 23:39:21.924,509420.0,2.0,,,,,,,
31,Power Grid Model,steady-state,"['gha', 'pypi', 'conda', 'python', 'c', 'jupyter', 'non-profit']",,PowerGridModel/power-grid-model,MPL-2.0,Steady-state distribution power system analysis.,https://github.com/PowerGridModel/power-grid-model,https://github.com/PowerGridModel/power-grid-model,2022-01-20 12:31:31,2025-06-05 14:53:22.000000,2025-06-05 07:03:43,8220.0,37.0,79.0,170.0,26.0,30,True,https://power-grid-model.readthedocs.io/en/stable/,5.0,774.0,152.0,2025-06-05 07:39:28.000,1.11.8,633.0,666.0,power-grid-model,conda-forge/power-grid-model,724.0,182253.0,40.0,32.0,https://pypi.org/project/power-grid-model,2025-06-05 07:39:28.000,8.0,44741.0,https://anaconda.org/conda-forge/power-grid-model,2025-06-04 21:40:15.824,3434812.0,1.0,,,,,,,
32,CVXOPT,opl,"['gha', 'pypi', 'conda', 'python', 'octave', 'julia', 'university']",,cvxopt/cvxopt,GPL-3,Python Software for Convex Optimization.,https://github.com/cvxopt/cvxopt,https://cvxopt.org/,2013-02-22 22:14:31,2025-04-22 14:56:23.779000,2024-10-23 07:22:17,58.0,211.0,46.0,1015.0,9.0,28,True,http://cvxopt.org/userguide/,39.0,71.0,150.0,2023-08-09 14:30:49.000,1.3.2,17.0,,cvxopt,conda-forge/cvxopt,,653782.0,14809.0,14384.0,https://pypi.org/project/cvxopt,2023-08-09 14:30:49.000,425.0,628113.0,https://anaconda.org/conda-forge/cvxopt,2025-04-22 14:56:23.779,1437498.0,2.0,,,,,,,
33,OpenModelica,cosime,"['modelica', 'python', 'university']",,OpenModelica/OpenModelica,https://modelica.org/licenses/ModelicaLicense2/,Modelica-based environment for modeling and simulation.,https://github.com/OpenModelica/OpenModelica,https://openmodelica.org,2015-05-03 16:59:29,2025-06-05 15:08:04.000000,2025-06-05 15:08:04,37471.0,314.0,2047.0,980.0,196.0,27,True,https://openmodelica.org/useresresources/userdocumentation,55.0,5314.0,6207.0,2025-03-21 21:34:40.000,1.25.0,28.0,141.0,,,388.0,428.0,,,,,,,,,,1.0,openmodelica/openmodelica,https://hub.docker.com/r/openmodelica/openmodelica,2025-04-04 21:07:17.080584,51521.0,,6.0,
34,GridCal,steady-state,"['gha', 'pypi', 'python', 'volunteer']",,SanPen/GridCal,LGPL-3,Cross-platform power systems software.,https://github.com/SanPen/GridCal,https://www.eroots.tech/software,2016-01-13 15:40:10,2025-06-05 15:48:59.000000,2025-06-05 15:48:52,7422.0,103.0,38.0,450.0,53.0,27,True,https://gridcal.readthedocs.io/en/latest/?badge=latest,32.0,149.0,211.0,2025-06-04 13:13:53.000,5.3.52,420.0,446.0,GridCal,,49.0,2371.0,10.0,10.0,https://pypi.org/project/GridCal,2025-06-04 13:13:53.000,,2371.0,,,,1.0,,,,,,,
35,Clarabel.rs,ops,"['gha', 'pypi', 'conda', 'python', 'rust', 'university']",,oxfordcontrol/Clarabel.rs,Apache-2.0,Interior-point solver for convex conic optimisation in Rust.,https://github.com/oxfordcontrol/Clarabel.rs,https://github.com/oxfordcontrol/Clarabel.rs,2022-04-17 13:48:34,2025-05-27 15:23:47.000000,2025-05-27 15:23:45,625.0,33.0,8.0,440.0,11.0,27,True,https://oxfordcontrol.github.io/ClarabelDocs/stable/,12.0,136.0,47.0,2025-05-23 17:59:21.000,0.11.0,17.0,56.0,clarabel,conda-forge/clarabel,,1601050.0,78.0,37.0,https://pypi.org/project/clarabel,2025-05-23 17:59:21.000,41.0,1590422.0,https://anaconda.org/conda-forge/clarabel,2025-05-24 07:55:58.403,212576.0,2.0,,,,,,,
36,JuMP,opl,"['gha', 'jupyter', 'julia', 'non-profit']",,jump-dev/JuMP.jl,MPL-2.0,Julia-based Optimization Modeling Language.,https://github.com/jump-dev/JuMP.jl,https://jump.dev,2012-10-10 00:34:45,2025-05-26 05:11:06.000000,2025-05-26 04:35:33,5075.0,404.0,12.0,2311.0,164.0,26,True,https://jump.dev/JuMP.jl/stable/,82.0,2453.0,1493.0,2025-05-20 22:03:08.000,1.26.0,83.0,43.0,,,,,,,,,,,,,,3.0,,,,,,,
37,Ipopt,ops,"['pypi', 'conda', 'python', 'non-profit']",,coin-or/Ipopt,EPL-2.0,COIN-OR Interior Point Optimizer.,https://github.com/coin-or/Ipopt,https://www.coin-or.org/,2019-01-28 12:24:22,2025-05-16 15:54:58.000000,2025-05-16 15:54:15,2409.0,290.0,9.0,1570.0,36.0,26,True,https://coin-or.github.io/Ipopt/,46.0,37.0,604.0,2024-12-14 15:03:46.000,releases/3.14.17,32.0,8.0,ipopt,conda-forge/ipopt,21116.0,31893.0,10.0,,https://pypi.org/project/ipopt,2021-04-07 07:03:48.000,10.0,1280.0,https://anaconda.org/conda-forge/ipopt,2025-04-23 15:02:30.167,1695315.0,3.0,,,,,-1.0,,
38,precice,cosime,"['gha', 'c', 'pypi', 'conda', 'university']",,precice/precice,LGPL-3.0,Precise Code Interaction Coupling Environment.,https://github.com/precice/precice,https://precice.org/,2015-05-22 14:05:22,2025-06-05 03:45:55.292400,2025-06-03 07:28:36,5439.0,192.0,202.0,804.0,59.0,26,True,https://precice.org/docs.html,38.0,1385.0,710.0,2025-04-02 13:04:58.000,3.2.0,33.0,103.0,pyprecice,conda-forge/pyprecice,35049.0,4090.0,8.0,,https://pypi.org/project/pyprecice,2025-04-02 13:04:58.000,8.0,882.0,https://anaconda.org/conda-forge/pyprecice,2025-04-22 14:58:05.392,111755.0,3.0,precice/precice,https://hub.docker.com/r/precice/precice,2025-06-05 03:45:55.292400,27245.0,,,
39,SCS,ops,"['gha', 'pypi', 'conda', 'python', 'octave', 'julia', 'r', 'c', 'university']",,cvxgrp/scs,MIT,Splitting Conic Solver.,https://github.com/cvxgrp/scs,https://github.com/cvxgrp/scs,2013-11-29 23:11:16,2025-06-02 21:28:09.000000,2025-04-15 12:21:10,1270.0,138.0,47.0,571.0,29.0,26,True,https://www.cvxgrp.org/scs/,34.0,126.0,142.0,2024-08-24 15:40:59.000,3.2.7,44.0,2.0,scs,conda-forge/scs,,1831385.0,56.0,,https://pypi.org/project/scs,2025-01-04 17:00:19.000,56.0,1806568.0,https://anaconda.org/conda-forge/scs,2025-04-22 14:56:51.952,1364946.0,3.0,,,,,,,
40,Grid2Op,mrl,"['gha', 'pypi', 'jupyter', 'python', 'for-profit']",,rte-france/Grid2Op,MPL-2.0,Modeling sequential decision making in power systems.,https://github.com/Grid2op/grid2op,https://l2rpn.chalearn.org/,2019-10-10 17:04:46,2025-05-21 07:29:53.000000,2025-04-15 06:39:32,3394.0,126.0,56.0,351.0,32.0,26,True,https://grid2op.readthedocs.io/en/latest/,20.0,317.0,321.0,2025-04-15 12:59:54.000,1.11.0,91.0,64.0,Grid2Op,,,1620.0,23.0,,https://pypi.org/project/Grid2Op,2025-04-15 12:59:54.000,23.0,1471.0,,,,1.0,bdonnot/grid2op,https://hub.docker.com/r/bdonnot/grid2op,2022-07-05 14:02:10.644952,10195.0,,1.0,Grid2op/grid2op
41,ECOS,ops,"['python', 'julia', 'c', 'octave', 'r', 'university']",,embotech/ecos,GPL-3,Conic solver for second-order cone programming.,https://github.com/embotech/ecos,https://github.com/embotech/ecos,2013-02-11 21:27:50,2025-04-22 14:56:51.894000,2022-01-04 22:33:07,622.0,123.0,66.0,505.0,40.0,25,True,https://github.com/embotech/ecos/wiki,35.0,65.0,95.0,2024-06-18 03:47:45.000,2.0.14,24.0,,ecos,conda-forge/ecos,,652197.0,49.0,,https://pypi.org/project/ecos,2024-06-18 03:47:45.000,49.0,632853.0,https://anaconda.org/conda-forge/ecos,2025-04-22 14:56:51.894,1063947.0,3.0,,,,,,,
42,GridStatus,data,"['gha', 'pypi', 'python', 'for-profit']",,kmax12/gridstatus,BSD-3,Extract data from ISOs and other sources.,https://github.com/gridstatus/gridstatus,https://www.gridstatus.io,2022-07-28 19:24:20,2025-06-05 20:31:50.000000,2025-06-04 21:58:54,615.0,63.0,45.0,336.0,32.0,25,True,https://docs.gridstatus.io/en/latest/,9.0,498.0,75.0,2025-04-22 19:32:11.000,0.30.1,32.0,61.0,gridstatus,services/gridstatus,,35219.0,23.0,21.0,https://pypi.org/project/gridstatus,2025-04-22 19:32:11.000,2.0,35217.0,https://anaconda.org/services/gridstatus,2025-03-25 16:20:32.129,24.0,1.0,,,,,,,gridstatus/gridstatus
43,Atlite,data,"['gha', 'pypi', 'conda', 'jupyter', 'python', 'university']",,PyPSA/atlite,BSD-2,Calculating Renewable Power Potentials.,https://github.com/PyPSA/atlite,https://pypsa.org,2016-11-03 23:59:25,2025-05-13 14:12:55.000000,2025-05-13 14:12:53,799.0,105.0,42.0,314.0,40.0,24,True,https://atlite.readthedocs.io/en/master/?badge=master,13.0,309.0,102.0,2025-05-12 15:07:01.000,0.4.1,21.0,10.0,atlite,conda-forge/atlite,,3434.0,104.0,104.0,https://pypi.org/project/atlite,2025-05-12 15:07:01.000,,2036.0,https://anaconda.org/conda-forge/atlite,2025-05-12 19:20:51.661,83882.0,2.0,,,,,,,
44,LTB ANDES,phasor,"['gha', 'azure', 'pypi', 'conda', 'jupyter', 'python', 'julia', 'university']",,CURENT/andes,GPL-3,Transient Stability Simulator; CURENT LTB.,https://github.com/CURENT/andes,https://ltb.curent.org/,2016-11-07 01:04:50,2025-05-17 13:21:04.000000,2025-05-02 01:27:15,4622.0,121.0,14.0,270.0,24.0,24,True,https://docs.andes.app/en/latest/,14.0,286.0,64.0,2025-01-05 17:48:40.000,1.9.3,114.0,10.0,andes,conda-forge/andes,,11453.0,32.0,28.0,https://pypi.org/project/andes,2025-01-05 17:48:40.000,4.0,1129.0,https://anaconda.org/conda-forge/andes,2025-04-22 14:57:03.796,629811.0,1.0,CURENT/andes,https://hub.docker.com/r/CURENT/andes,,,,,
45,powerplantmatching,data,"['gha', 'pypi', 'conda', 'python', 'university']",,PyPSA/powerplantmatching,BSD-2,Tools to combine multiple power plant databases.,https://github.com/PyPSA/powerplantmatching,https://pypsa.org,2016-08-15 16:36:25,2025-05-06 08:03:59.000000,2025-05-06 08:03:57,992.0,65.0,26.0,182.0,34.0,24,True,https://atlite.readthedocs.io/en/master/?badge=master,21.0,145.0,74.0,2025-02-01 11:01:49.000,0.7.1,33.0,8.0,powerplantmatching,conda-forge/powerplantmatching,87.0,2499.0,78.0,78.0,https://pypi.org/project/powerplantmatching,2025-02-01 11:01:49.000,,1117.0,https://anaconda.org/conda-forge/powerplantmatching,2025-04-22 14:57:16.346,74605.0,2.0,,,,,,,
46,PowSyBl Core,steady-state,"['gha', 'java', 'non-profit']",,powsybl/powsybl-core,MPL-2.0,Framework to build power system software.,https://github.com/powsybl/powsybl-core,https://www.powsybl.org,2017-09-29 14:51:18,2025-06-05 21:24:17.000000,2025-06-05 15:04:50,3466.0,46.0,324.0,134.0,119.0,24,True,https://www.javadoc.io/doc/com.powsybl/powsybl-core/latest/,22.0,2876.0,360.0,2025-05-06 09:05:54.000,6.7.1,100.0,53.0,,,,,89.0,89.0,,,,,,,,1.0,,,,,,,
47,CBC,ops,"['gha', 'conda', 'python', 'julia', 'c', 'non-profit']",,coin-or/Cbc,EPL-2.0,COIN-OR Branch-and-Cut solver.,https://github.com/coin-or/Cbc,https://www.coin-or.org/,2019-03-02 23:20:41,2025-05-23 11:10:48.000000,2025-05-23 11:10:14,2520.0,118.0,150.0,895.0,34.0,23,True,https://coin-or.github.io/Cbc/Doxygen/,40.0,79.0,371.0,2024-08-20 07:17:43.000,releases/2.10.12,14.0,12.0,,conda-forge/coincbc,51724.0,25002.0,,,,,,,https://anaconda.org/conda-forge/coincbc,2025-04-22 14:56:23.098,1360517.0,3.0,,,,,,,
48,Clp,ops,"['gha', 'conda', 'python', 'julia', 'c', 'non-profit']",,coin-or/Cbc,EPL-2.0,COIN-OR Linear Programming Solver.,https://github.com/coin-or/Cbc,https://www.coin-or.org/,2019-03-02 23:20:41,2025-05-23 11:10:48.000000,2025-05-23 11:10:14,2520.0,118.0,150.0,895.0,34.0,23,True,https://coin-or.github.io/Clp/,40.0,79.0,371.0,2024-08-20 07:17:43.000,releases/2.10.12,11.0,12.0,,conda-forge/coin-or-clp,51724.0,18438.0,,,,,,,https://anaconda.org/conda-forge/coin-or-clp,2025-04-22 14:57:35.775,1010650.0,3.0,,,,,,,
49,PYPOWER,steady-state,"['gha', 'pypi', 'conda', 'python', 'non-profit']",,rwl/PYPOWER,BSD,Port of MATPOWER to Python.,https://github.com/rwl/PYPOWER,rwl.github.io/PYPOWER/api/,2009-05-22 12:14:47,2025-04-10 08:09:24.000000,2025-04-10 08:08:25,358.0,119.0,33.0,365.0,21.0,23,True,http://rwl.github.io/PYPOWER/index.html,25.0,45.0,12.0,2025-04-10 08:09:24.000,5.1.18,19.0,3.0,PYPOWER,invenia/pypower,,19183.0,166.0,150.0,https://pypi.org/project/PYPOWER,2025-04-10 08:09:24.000,16.0,19150.0,https://anaconda.org/invenia/pypower,2025-03-25 16:27:17.396,3182.0,2.0,hwanghust/pypower,https://hub.docker.com/r/hwanghust/pypower,2019-05-19 07:28:05.197725,24.0,,,
50,pandapipes,gasnet,"['gha', 'pypi', 'jupyter', 'python', 'university']",,e2nIEE/pandapipes,BSD-3,Pipeflow Calculation Tool.,https://github.com/e2nIEE/pandapipes,https://www.pandapipes.org/,2020-02-03 15:04:57,2025-06-02 04:54:41.000000,2025-06-02 04:54:41,2168.0,67.0,78.0,177.0,26.0,23,True,https://jkpandapipes.readthedocs.io/en/latest/,11.0,508.0,87.0,2024-11-07 15:24:10.000,0.11.0,19.0,23.0,pandapipes,,,3962.0,39.0,31.0,https://pypi.org/project/pandapipes,2024-12-04 13:21:51.000,8.0,3962.0,,,,1.0,,,,,,,
51,HELICS,msg,"['gha', 'pypi', 'conda', 'python', 'julia', 'octave', 'java', 'c', 'lab']",,GMLC-TDC/HELICS,BSD-3,Co-simulation framework.,https://github.com/GMLC-TDC/HELICS,https://helics.org/tools/,2017-06-01 17:03:19,2025-05-28 12:56:29.000000,2025-02-25 19:58:30,3572.0,43.0,94.0,137.0,39.0,23,True,https://docs.helics.org/en/latest/,15.0,2024.0,582.0,2025-02-28 08:41:58.000,3.6.1,106.0,,helics,conda-forge/helics,27493.0,5403.0,13.0,,https://pypi.org/project/helics,2025-02-28 08:41:58.000,13.0,4840.0,https://anaconda.org/conda-forge/helics,2025-04-22 14:56:53.590,20886.0,1.0,,,,,,,
52,MATPOWER,steady-state,"['gha', 'octave', 'university']",,MATPOWER/matpower,BSD-3,Steady state power flow simulation.,https://github.com/MATPOWER/matpower,https://matpower.org/,2016-12-16 19:12:30,2025-05-28 22:08:39.000000,2025-05-23 19:56:46,2588.0,159.0,23.0,473.0,19.0,22,True,https://matpower.org/doc/,29.0,52.0,199.0,2024-05-17 23:07:00.000,8.0,5.0,40.0,,,574018.0,7290.0,,,,,,,,,,2.0,matpower/matpower,https://hub.docker.com/r/matpower/matpower,2025-05-28 21:08:02.966760,2507.0,-1.0,,
53,PIQP,ops,"['gha', 'pypi', 'conda', 'python', 'c', 'octave', 'r', 'university']",,PREDICT-EPFL/piqp,BSD-2,Proximal Interior Point Quadratic Programming solver.,https://github.com/PREDICT-EPFL/piqp,https://github.com/PREDICT-EPFL/piqp,2023-01-25 13:55:12,2025-05-01 08:25:39.000000,2025-04-05 07:11:51,492.0,16.0,7.0,110.0,4.0,22,True,https://predict-epfl.github.io/piqp/,8.0,7.0,9.0,2025-03-17 16:37:43.000,0.5.0,15.0,44.0,piqp,conda-forge/piqp,703.0,19609.0,56.0,47.0,https://pypi.org/project/piqp,2025-03-17 16:37:43.000,9.0,9546.0,https://anaconda.org/conda-forge/piqp,2025-04-22 14:58:46.189,220761.0,3.0,,,,,,,
54,DynaÏ‰o,phasor,"['gha', 'modelica', 'for-profit']",,dynawo/dynawo,MPL-2.0,C++/Modelica simulation tools for power systems.,https://github.com/dynawo/dynawo,http://dynawo.org,2019-01-29 13:29:35,2025-06-05 14:48:43.000000,2025-06-05 12:20:20,2482.0,25.0,146.0,83.0,58.0,22,True,https://dynawo.github.io/docs/,8.0,2122.0,1408.0,2024-05-21 08:44:47.000,1.6.0,18.0,46.0,,,17750.0,230.0,,,,,,,,,,1.0,,,,,,,
55,AMPLPY,ops,"['gha', 'pypi', 'conda', 'jupyter', 'python', 'for-profit']",,ampl/amplpy,BSD-3,Python API for AMPL.,https://github.com/ampl/amplpy,https://ampl.com/,2017-06-27 00:22:07,2025-05-29 20:26:44.000000,2025-05-21 12:19:30,853.0,20.0,1.0,80.0,9.0,22,True,https://amplpy.readthedocs.io/en/latest/,12.0,7.0,48.0,2024-05-23 16:41:59.000,0.14.0,179.0,63.0,amplpy,conda-forge/amplpy,,39758.0,132.0,126.0,https://pypi.org/project/amplpy,2025-05-14 13:25:48.000,6.0,32294.0,https://anaconda.org/conda-forge/amplpy,2025-04-22 14:57:01.426,432920.0,3.0,,,,,,,
56,PyPSA-Eur,steady-state,"['gha', 'python', 'university']",,PyPSA/pypsa-eur,MIT,Sector-Coupled Optimisation Model of the European Energy System.,https://github.com/PyPSA/pypsa-eur,https://pypsa.org,2017-10-11 23:54:41,2025-06-04 16:31:45.000000,2025-06-04 16:31:45,5554.0,278.0,151.0,425.0,94.0,21,True,https://pypsa-eur.readthedocs.io/en/latest/?badge=latest,18.0,1170.0,399.0,2025-04-06 15:26:35.000,2025.04.0,19.0,99.0,,,,,,,,,,,,,,2.0,nimfetrisa/pypsa-eur,https://hub.docker.com/r/nimfetrisa/pypsa-eur,,,,,
57,SimBench,data,"['python', 'pypi', 'conda', 'juptyer', 'gha']",,e2nIEE/simbench,odbl-1.0,Benchmark dataset of German LV/MV/HV grids including 15min time series for 1 year.,https://github.com/e2nIEE/simbench,https://simbench.de/en/,2019-05-13 14:10:08,2025-04-13 10:12:48.000000,2025-04-13 10:12:38,160.0,30.0,3.0,121.0,4.0,21,True,https://simbench.readthedocs.io/en/stable/?badge=stable,6.0,26.0,32.0,2025-04-13 10:12:48.000,1.6.1,11.0,16.0,simbench,conda-forge/simbench,,3867.0,57.0,47.0,https://pypi.org/project/simbench,2025-04-13 10:12:48.000,10.0,3867.0,https://anaconda.org/conda-forge/simbench,,,3.0,,,,,,,
58,DPsim,emt,"['gha', 'pypi', 'jupyter', 'python', 'c', 'university']",,sogno-platform/dpsim,MPL-2.0,Simulation for both EMT and phasor.,https://github.com/sogno-platform/dpsim,https://dpsim.fein-aachen.org/,2020-01-29 08:49:59,2025-05-19 07:19:37.000000,2025-05-19 07:13:55,4747.0,61.0,83.0,84.0,35.0,21,True,https://dpsim.fein-aachen.org/docs/,9.0,245.0,73.0,2023-07-13 13:38:01.948,1.1.1,9.0,129.0,dpsim,,,66.0,11.0,11.0,https://pypi.org/project/dpsim,2022-12-10 09:56:59.646,,66.0,,,,1.0,,,,,,,
59,PyPowSyBl,steady-state,"['gha', 'pypi', 'python', 'java', 'jupyter', 'non-profit']",,powsybl/pypowsybl,MPL-2.0,A PowSyBl and Python integration.,https://github.com/powsybl/pypowsybl,https://www.powsybl.org,2020-11-09 10:30:33,2025-06-05 21:10:30.000000,2025-06-05 08:20:11,743.0,13.0,80.0,66.0,33.0,21,True,https://pypowsybl.readthedocs.io/en/latest/,20.0,784.0,165.0,2025-05-20 06:44:45.000,1.11.1,46.0,36.0,pypowsybl,,289.0,6078.0,8.0,,https://pypi.org/project/pypowsybl,2025-05-19 08:45:44.000,8.0,6073.0,,,,2.0,,,,,,,
60,LightSim2Grid,steady-state,"['gha', 'pypi', 'python', 'for-profit']",,BDonnot/lightsim2grid,MPL-2.0,A fast backend for the Grid2Op.,https://github.com/Grid2op/lightsim2grid,https://l2rpn.chalearn.org/,2020-03-09 07:35:27,2025-04-29 09:38:25.000000,2025-04-28 07:07:47,912.0,11.0,17.0,53.0,6.0,21,True,https://lightsim2grid.readthedocs.io/en/latest/,2.0,56.0,38.0,2025-04-28 08:18:06.000,0.10.3,37.0,10.0,LightSim2Grid,,300.0,12545.0,90.0,67.0,https://pypi.org/project/LightSim2Grid,2025-04-28 08:18:06.000,23.0,12535.0,,,,2.0,bdonnot/lightsim2grid,https://hub.docker.com/r/bdonnot/lightsim2grid,2022-02-01 17:50:28.347059,336.0,,,Grid2op/lightsim2grid
61,py-dss-interface,intf,"['gha', 'pypi', 'python', 'jupyter', 'non-profit']",,PauloRadatz/py_dss_interface,MIT,A package for access to direct dll version of OpenDSS.,https://github.com/PauloRadatz/py_dss_interface,https://github.com/PauloRadatz/py_dss_interface,2020-06-12 18:58:36,2025-05-23 12:42:07.000000,2025-05-23 12:42:05,666.0,9.0,,32.0,6.0,21,True,https://py-dss-interface.readthedocs.io/en/latest/,6.0,48.0,55.0,2025-05-23 12:37:41.000,2.1.1,21.0,47.0,py-dss-interface,,1.0,951.0,45.0,36.0,https://pypi.org/project/py-dss-interface,2025-05-23 12:37:41.000,9.0,951.0,,,,1.0,,,,,,,
62,PowerModels.jl,steady-state,"['gha', 'julia', 'lab']",,lanl-ansi/PowerModels.jl,BSD,Power Network Optimization.,https://github.com/lanl-ansi/PowerModels.jl,https://github.com/lanl-ansi/PowerModels.jl,2016-08-01 20:30:54,2025-05-20 22:18:08.000000,2025-05-20 21:49:37,1007.0,160.0,93.0,423.0,32.0,20,True,https://lanl-ansi.github.io/PowerModels.jl/stable/,23.0,477.0,413.0,2025-05-20 22:14:41.000,0.21.4,79.0,17.0,,,,,,,,,,,,,,2.0,,,,,,,
63,PowerSimulations.jl,steady-state,"['gha', 'julia', 'lab']",,NREL-Sienna/PowerSimulations.jl,BSD-3,Power Systems optimization simulation and modeling; NREL Sienna.,https://github.com/NREL-Sienna/PowerSimulations.jl,https://www.nrel.gov/analysis/sienna.html,2017-11-03 21:11:22,2025-06-05 00:18:22.000000,2025-04-21 21:47:45,9424.0,70.0,76.0,293.0,40.0,20,True,https://nrel-sienna.github.io/PowerSimulations.jl/latest,19.0,890.0,338.0,2025-02-27 18:09:18.000,0.30.1,100.0,9.0,,,,,,,,,,,,,,2.0,,,,,,,
64,PyOptInterface,opl,"['gha', 'pypi', 'jupyter', 'python', 'volunteer']",,metab0t/PyOptInterface,MPL-2.0,Efficient modeling interface for optimization in Python.,https://github.com/metab0t/PyOptInterface,https://github.com/metab0t/PyOptInterface,2023-06-13 16:11:33,2025-06-02 15:40:42.000000,2025-06-02 15:38:07,410.0,16.0,3.0,272.0,2.0,20,True,https://metab0t.github.io/PyOptInterface/,5.0,2.0,21.0,2025-03-19 07:06:10.000,0.4.1,14.0,22.0,pyoptinterface,,,3961.0,24.0,20.0,https://pypi.org/project/pyoptinterface,2025-03-19 07:06:10.000,4.0,3961.0,,,,3.0,,,,,1.0,,
65,PyPSA-Earth,steady-state,"['gha', 'python', 'volunteer']",,pypsa-meets-earth/pypsa-earth,AGPL-3,Open optimisation model for study energy system futures.,https://github.com/pypsa-meets-earth/pypsa-earth,https://pypsa-meets-earth.github.io/,2021-02-28 19:26:35,2025-06-05 20:56:43.000000,2025-06-01 16:32:41,6114.0,238.0,187.0,262.0,78.0,20,True,https://pypsa-earth.readthedocs.io/,10.0,862.0,333.0,2024-12-24 14:24:19.000,0.6.0,12.0,161.0,,,,,,,,,,,,,,2.0,,,,,,,
66,PowerGenome,data,"['gha', 'pypi', 'conda', 'python']",,PowerGenome/PowerGenome,MIT,Create inputs for power systems models.,https://github.com/PowerGenome/PowerGenome,https://groups.io/g/powergenome,2019-07-18 17:33:40,2025-05-13 15:38:55.000000,2025-03-21 18:09:22,1824.0,68.0,89.0,212.0,18.0,20,True,https://github.com/PowerGenome/PowerGenome/wiki,18.0,218.0,86.0,2025-03-21 18:15:20.000,0.7.0,20.0,55.0,PowerGenome,conda-forge/powergenome,,91.0,,,https://pypi.org/project/PowerGenome,2025-03-21 18:15:20.000,,32.0,https://anaconda.org/conda-forge/powergenome,2025-04-22 14:58:55.013,1013.0,3.0,,,,,,,
67,GridPath,steady-state,"['gha', 'python', 'for-profit']",,blue-marble/gridpath,Apache-2,Power system planning and operations.,https://github.com/blue-marble/gridpath,https://www.gridpath.io/,2016-08-12 18:13:28,2025-05-23 19:33:50.000000,2025-05-20 00:49:15,1571.0,41.0,76.0,106.0,12.0,20,True,https://gridpath.readthedocs.io/en/latest/?badge=latest,10.0,914.0,260.0,2025-04-30 20:57:29.000,2025.5.0,31.0,23.0,GridPath,,1276.0,144.0,4.0,4.0,https://pypi.org/project/GridPath,2025-04-30 20:57:29.000,,124.0,,,,2.0,,,,,,,
68,GridLAB-D,phasor,"['c', 'gha', 'lab']",,gridlab-d/gridlab-d,https://github.com/gridlab-d/gridlab-d/blob/master/LICENSE,Distribution power system simulator.,https://github.com/gridlab-d/gridlab-d,https://www.gridlabd.org/,2016-08-29 17:43:21,2025-05-30 18:30:11.000000,2025-05-28 20:17:33,4426.0,113.0,319.0,174.0,76.0,19,True,https://gridlab-d.shoutwiki.com/wiki/Source_documentation,24.0,153.0,1010.0,2025-01-07 00:39:44.000,5.3.0,7.0,1.0,,,6573.0,75.0,,,,,,,,,,2.0,,,,,,,
69,Gurobi OptiMods,steady-state,"['gha', 'python', 'for-profit']",,Gurobi/gurobi-optimods,Apache-2.0,Implemented optimization use cases using Gurobi.,https://github.com/Gurobi/gurobi-optimods,https://www.gurobi.com/features/gurobi-optimods/,2022-11-18 16:25:03,2025-03-12 23:27:48.000000,2025-03-12 23:02:12,690.0,34.0,25.0,162.0,15.0,19,True,https://gurobi-optimods.readthedocs.io/en/stable/,11.0,90.0,59.0,2025-03-12 23:11:11.000,2.3.2,12.0,4.0,gurobi-optimods,,,2242.0,8.0,8.0,https://pypi.org/project/gurobi-optimods,2025-03-12 23:27:48.000,,2242.0,,,,2.0,,,,,,,
70,OpenDSSDirect.py,intf,"['gha', 'pypi', 'python', 'jupyter', 'volunteer']",,dss-extensions/OpenDSSDirect.py,MIT,A direct library interface to OpenDSS.,https://github.com/dss-extensions/OpenDSSDirect.py,https://dss-extensions.org/,2017-06-20 19:18:22,2024-03-29 06:05:46.000000,2024-03-29 05:10:43,451.0,24.0,16.0,95.0,3.0,19,True,https://dss-extensions.org/OpenDSSDirect.py/,13.0,31.0,89.0,2024-03-29 06:18:05.000,0.9.4,43.0,,OpenDSSDirect.py,,,3321.0,91.0,75.0,https://pypi.org/project/OpenDSSDirect.py,2021-03-11 01:53:34.000,16.0,3321.0,,,,1.0,,,,,,,
71,GenX,steady-state,"['julia', 'gha', 'university']",,GenXProject/GenX,GPL-2.0,Configurable capacity expansion model.,https://github.com/GenXProject/GenX.jl,https://energy.mit.edu/genx/,2021-05-19 17:57:57,2025-05-22 21:07:11.000000,2025-02-05 04:13:13,1102.0,131.0,56.0,310.0,35.0,18,True,https://genxproject.github.io/GenX/dev/,17.0,540.0,246.0,2025-02-05 04:40:15.000,0.4.4,16.0,,,,,,,,,,,,,,,2.0,,,,,,,GenXProject/GenX.jl
72,REopt,steady-state,"['gha', 'python', 'julia', 'lab']",,NREL/REopt_API,BSD-3,Renewable Energy Integration & Optimization.,https://github.com/NREL/REopt_API,https://www.nrel.gov/reopt/,2018-12-17 21:24:59,2025-06-04 20:39:48.000000,2025-05-20 19:20:54,5341.0,56.0,43.0,104.0,22.0,18,True,https://github.com/NREL/REopt_API/wiki,8.0,561.0,41.0,2025-04-29 17:18:41.000,3.12.3,59.0,37.0,,,573.0,8.0,,,,,,,,,,2.0,,,,,,,
73,PowSyBl Diagram,vis,"['gha', 'java', 'jupyter', 'for-profit']",,powsybl/powsybl-diagram,MPL-2.0,single-line substation diagrams and network graph diagrams.,https://github.com/powsybl/powsybl-diagram,https://www.powsybl.org,2019-10-11 11:25:46,2025-06-04 13:00:27.000000,2025-05-16 14:37:37,540.0,14.0,72.0,86.0,28.0,18,True,https://www.powsybl.org/pages/documentation/developer/api_guide/svg-writing.html,20.0,521.0,114.0,2025-03-31 08:13:57.000,4.8.0,50.0,15.0,,,,,31.0,31.0,,,,,,,,1.0,,,,,,,
74,openTEPES,steady-state,"['python', 'jupyter', 'gha', 'university']",,IIT-EnergySystemModels/openTEPES,AGPL-3,"Open Generation, Storage, and Transmission Operation and Expansion Planning Model.",https://github.com/IIT-EnergySystemModels/openTEPES,https://github.com/IIT-EnergySystemModels/openTEPES,2020-07-24 21:11:41,2025-06-05 19:16:23.000000,2025-06-05 19:16:18,2926.0,22.0,3.0,46.0,8.0,18,True,https://opentepes.readthedocs.io/en/latest/index.html,4.0,78.0,10.0,2025-03-18 18:16:41.000,4.18.3,105.0,130.0,openTEPES,,120.0,387.0,,,https://pypi.org/project/openTEPES,2025-04-08 09:44:11.000,,385.0,,,,2.0,,,,,,,
75,LTB AMS,steady-state,"['gha', 'azure', 'pypi', 'conda', 'jupyter', 'python', 'university']",,CURENT/ams,GPL-3,Scheduling Modeling and Simulation; CURENT LTB.,https://github.com/CURENT/ams,https://ltb.curent.org/,2022-10-05 11:57:30,2025-06-04 05:24:33.000000,2025-05-30 00:16:06,2538.0,7.0,11.0,13.0,4.0,18,True,https://ams.readthedocs.io/en/latest/,2.0,164.0,7.0,2025-05-30 00:21:52.000,1.0.12,34.0,365.0,ltbams,conda-forge/ltbams,20.0,1369.0,3.0,3.0,https://pypi.org/project/ltbams,2025-05-30 00:21:21.000,,483.0,https://anaconda.org/conda-forge/ltbams,2025-05-31 04:14:39.776,14170.0,2.0,,,,,,,
76,PyPSA-USA,steady-state,"['python', 'jupyter', 'university']",,PyPSA/pypsa-usa,MIT,Power System Model for the United States.,https://github.com/PyPSA/pypsa-usa,https://pypsa.org,2022-06-07 15:13:26,2025-06-05 18:09:52.000000,2025-05-20 01:28:43,2323.0,29.0,95.0,86.0,12.0,17,True,https://pypsa-usa.readthedocs.io/,7.0,288.0,236.0,2025-04-26 05:06:38.000,0.6.0,7.0,8.0,,,,,,,,,,,,,,3.0,,,,,,,
77,CIMpy,intf,"['gha', 'python', 'non-profit']",,sogno-platform/cimpy,MPL-2.0,CIM files to the XML/RDF format.,https://github.com/sogno-platform/cimpy,https://github.com/sogno-platform/cimpy,2020-01-29 08:22:48,2025-03-09 07:52:14.000000,2025-02-23 21:37:23,230.0,23.0,12.0,60.0,11.0,17,True,https://sogno.energy/cimpy/,3.0,27.0,12.0,2025-03-09 07:52:14.000,1.2.0,9.0,,cimpy,,,925.0,11.0,10.0,https://pypi.org/project/cimpy,2024-06-20 20:41:41.000,1.0,925.0,,,,1.0,,,,,,,
78,TESP,steady-state,"['gha', 'python', 'jupyter', 'pypi', 'lab']",,pnnl/tesp,BSD-3,Transactive Energy Simulation Platform.,https://github.com/pnnl/tesp,https://github.com/pnnl/tesp,2017-03-28 16:41:17,2025-06-04 22:03:29.000000,2024-12-15 02:47:00,2165.0,39.0,33.0,44.0,26.0,17,True,https://tesp.readthedocs.io/en/latest/,16.0,62.0,95.0,2024-12-15 02:43:06.000,1.3.6,54.0,,tesp_support,,494.0,132.0,2.0,2.0,https://pypi.org/project/tesp_support,2024-12-15 02:13:01.000,,127.0,,,,3.0,,,,,-2.0,,
79,RSOME,opl,"['gha', 'pypi', 'jupyter', 'python', 'university']",,XiongPengNUS/rsome,GPL-3,Robust Stochastic Optimization Made Easy.,https://github.com/XiongPengNUS/rsome,https://github.com/XiongPengNUS/rsome,2020-07-26 13:00:05,2024-11-15 13:40:52.000000,2024-11-15 13:40:10,218.0,57.0,7.0,318.0,3.0,16,True,https://xiongpengnus.github.io/rsome/,3.0,21.0,38.0,2024-06-25 13:42:14.000,1.3.0,34.0,,rsome,,,489.0,4.0,,https://pypi.org/project/rsome,2024-10-29 06:05:15.000,4.0,489.0,,,,3.0,,,,,,,
80,Clarabel.jl,ops,"['gha', 'julia', 'university']",,oxfordcontrol/Clarabel.jl,Apache-2.0,Interior-point solver for convex conic optimisation in Julia.,https://github.com/oxfordcontrol/Clarabel.jl,https://github.com/oxfordcontrol/Clarabel.jl,2021-11-09 14:28:22,2025-05-23 18:28:14.000000,2025-05-23 18:00:01,913.0,19.0,8.0,205.0,12.0,16,True,https://clarabel.org,3.0,144.0,53.0,2025-05-23 18:28:14.000,0.11.0,17.0,18.0,,,,,,,,,,,,,,3.0,,,,,,,
81,MadNLP,ops,"['gha', 'julia', 'university']",,MadNLP/MadNLP.jl,MIT,A solver for nonlinear programming with GPU support.,https://github.com/MadNLP/MadNLP.jl,https://github.com/MadNLP/MadNLP.jl,2020-09-16 23:07:35,2025-06-05 06:36:21.000000,2025-06-04 09:32:37,517.0,17.0,35.0,191.0,15.0,16,True,https://madnlp.github.io/MadNLP.jl/stable/,11.0,334.0,65.0,2025-05-07 23:12:43.000,0.8.7,24.0,13.0,,,,,,,,,,,,,,3.0,,,,,,,
82,Xyce,phasor,"['pypi', 'conda', 'jupyter', 'python', 'lab']",,Xyce/Xyce,GPL-3,The Xyce Parallel Electronic Simulator.,https://github.com/Xyce/Xyce,https://xyce.sandia.gov/,2019-05-09 15:56:12,2025-06-02 20:58:43.000000,2025-06-02 16:09:29,112.0,31.0,29.0,186.0,8.0,16,True,https://xyce.sandia.gov/documentation-tutorials/,12.0,9.0,67.0,2025-02-03 18:36:44.000,Release-7.9.0,13.0,74.0,xyce,vlsida-eda/xyce,951.0,130.0,,,https://pypi.org/project/xyce,2022-01-05 14:07:36.000,,8.0,https://anaconda.org/vlsida-eda/xyce,2025-03-25 16:27:12.035,3184.0,2.0,,,,,,,
83,dsgrid,dataman,"['gha', 'python', 'pypi', 'lab']",,dsgrid/dsgrid,BSD-3,"Demand-side grid projects, datasets and queries.",https://github.com/dsgrid/dsgrid,https://github.com/dsgrid/dsgrid,2020-12-09 23:51:36,2025-06-05 21:05:10.000000,2025-06-05 20:47:34,1761.0,29.0,54.0,102.0,6.0,16,True,https://dsgrid.github.io/dsgrid,5.0,234.0,67.0,2024-12-12 20:46:21.000,0.1.0,7.0,34.0,dsgrid,,,14.0,,,https://pypi.org/project/dsgrid,2014-12-18 16:20:53.000,,14.0,,,,1.0,,,,,-2.0,,
84,OpenIPSL,phasor,"['gha', 'modelica', 'university']",,OpenIPSL/OpenIPSL,BSD-3,A Power System Library written in the Modelica.,https://github.com/OpenIPSL/OpenIPSL,https://github.com/OpenIPSL/OpenIPSL,2016-04-16 09:09:47,2025-04-07 15:50:56.000000,2025-04-07 15:50:56,1851.0,55.0,16.0,92.0,35.0,16,True,https://doc.openipsl.org,21.0,239.0,109.0,2022-06-23 13:05:59.000,3.0.1,15.0,1.0,,,504.0,4.0,,,,,,,,,,2.0,,,,,,,
85,AltDSS/DSS C-API,intf,"['gha', 'volunteer']",,dss-extensions/dss_capi,BSD-3,a plain C interface to OpenDSS.,https://github.com/dss-extensions/dss_capi,https://dss-extensions.org/,2017-12-18 14:45:11,2025-05-29 15:37:01.000000,2024-07-11 18:58:44,2411.0,13.0,16.0,34.0,8.0,16,True,https://dss-extensions.org/dss-extensions/pascal/,7.0,12.0,103.0,2024-03-29 04:28:39.000,0.14.5,68.0,,,,27592.0,313.0,,,,,,,,,,2.0,,,,,,,
86,PowerFlows.jl,steady-state,"['gha', 'julia', 'lab']",,NREL-Sienna/PowerFlows.jl,BSD-3,Collection of Power Flow solution; NREL Sienna.,https://github.com/NREL-Sienna/PowerFlows.jl,https://www.nrel.gov/analysis/sienna.html,2022-03-08 18:40:14,2025-06-04 21:23:17.000000,2025-05-05 15:20:37,151.0,21.0,41.0,21.0,11.0,16,True,https://nrel-sienna.github.io/PowerFlows.jl/dev/,5.0,79.0,54.0,2025-03-26 13:25:58.000,0.9.0,16.0,17.0,,,,,,,,,,,,,,3.0,,,,,,,
87,matpowercaseframes,intf,"['gha', 'python', 'pypi', 'jupyter', 'university']",,UGM-EPSLab/matpowercaseframes,MIT,Parse MATPOWER case into pandas DataFrame.,https://github.com/UGM-EPSLab/matpowercaseframes,https://github.com/UGM-EPSLab/matpowercaseframes,2022-03-31 04:51:41,2025-05-31 12:27:40.000000,2025-05-31 12:18:00,209.0,2.0,2.0,5.0,7.0,16,True,,,20.0,3.0,2025-05-31 12:27:40.000,1.1.4,19.0,6.0,matpowercaseframes,,,8502.0,6.0,,https://pypi.org/project/matpowercaseframes,2025-05-31 12:27:40.000,6.0,8502.0,,,,2.0,,,,,,,
88,PowerSimulationsDynamics.jl,phasor,"['gha', 'julia', 'nrel', 'lab']",,NREL-Sienna/PowerSimulationsDynamics.jl,BSD-3,Dynamic Power System simulations; NREL Sienna.,https://github.com/NREL-Sienna/PowerSimulationsDynamics.jl,https://www.nrel.gov/analysis/sienna.html,2020-07-16 19:36:16,2024-10-21 23:52:13.000000,2024-10-21 23:36:52,2413.0,49.0,46.0,200.0,15.0,15,True,https://nrel-sienna.github.io/PowerSimulationsDynamics.jl/stable,13.0,244.0,91.0,2024-06-05 04:15:13.000,0.14.2,41.0,,,,,,,,,,,,,,,2.0,,,,,,,
89,ReEDS-2.0,steady-state,"['python', 'gha', 'lab']",,NREL/ReEDS-2.0,GPL-3.0,Capacity planning and dispatch model.,https://github.com/NREL/ReEDS-2.0,https://www.nrel.gov/analysis/reeds/,2019-05-28 15:57:01,2025-06-05 16:16:05.000000,2025-06-05 16:14:11,99.0,65.0,3.0,151.0,14.0,15,True,https://www.nrel.gov/docs/fy21osti/78195.pdf,133.0,43.0,21.0,2025-04-23 17:38:01.000,2025.2.0,10.0,9.0,,,,,,,,,,,,,,3.0,,,,,,,
90,EGRET,steady-state,"['gha', 'python', 'lab']",,grid-parity-exchange/Egret,BSD,Tools for Power Systems Optimization Modeling.,https://github.com/grid-parity-exchange/Egret,https://github.com/grid-parity-exchange/Egret,2019-01-28 18:41:03,2025-06-03 16:55:54.000000,2025-06-03 16:55:49,1075.0,53.0,47.0,138.0,38.0,15,True,,13.0,237.0,38.0,2023-04-03 23:11:48.000,0.5.5,6.0,10.0,,,,,,,,,,,,,,3.0,,,,,,,
91,GasModels.jl,gasnet,"['gha', 'julia', 'lab']",,lanl-ansi/GasModels.jl,BSD-3,Gas Network Optimization.,https://github.com/lanl-ansi/GasModels.jl,https://github.com/lanl-ansi/GasModels.jl,2016-08-29 16:01:10,2025-04-29 20:09:39.000000,2025-04-29 19:51:49,1081.0,16.0,48.0,68.0,14.0,15,True,https://lanl-ansi.github.io/GasModels.jl/latest/,10.0,121.0,98.0,2025-04-29 20:06:54.000,0.10.5,26.0,22.0,,,,,,,,,,,,,,3.0,,,,,,,
92,dGen,dataman,"['gha', 'python', 'jupyter', 'lab']",,NREL/dgen,BSD-3,The Distributed Generation Market Demand (dGen) model.,https://github.com/NREL/dgen,https://github.com/NREL/dgen,2020-04-15 15:51:02,2025-06-05 12:52:17.000000,2025-05-19 14:54:44,178.0,158.0,23.0,66.0,10.0,15,True,https://nrel.github.io/dgen/,17.0,23.0,19.0,2024-12-18 17:32:05.000,2.0.0,2.0,19.0,,,,,,,,,,,,,,3.0,,,,,,,
93,Easy SimAuto,intf,"['pypi', 'python', 'university']",,mzy2240/ESA,Apache-2.0,Python interface to PowerWorld.,https://github.com/mzy2240/ESA,https://github.com/mzy2240/ESA,2019-10-08 21:37:23,2025-01-16 22:58:54.000000,2025-01-16 22:58:54,665.0,13.0,15.0,47.0,12.0,15,True,https://mzy2240.github.io/ESA/html/index.html,4.0,17.0,85.0,2023-06-05 21:19:00.512,1.3.5,52.0,,esa,,,814.0,8.0,7.0,https://pypi.org/project/esa,2022-05-21 02:37:41.000,1.0,814.0,,,,2.0,,,,,,,
94,Open RAO,steady-state,"['gha', 'java', 'non-profit']",,powsybl/powsybl-open-rao,MPL-2.0,Power systems coordinated capacity calculation and security analysis.,https://github.com/powsybl/powsybl-open-rao,https://www.powsybl.org,2018-11-22 10:41:50,2025-06-05 15:12:44.000000,2025-06-02 14:20:02,1033.0,9.0,62.0,22.0,36.0,15,True,https://powsybl.readthedocs.io/projects/openrao/en/stable/?badge=stable,3.0,1233.0,112.0,2025-05-15 12:59:27.000,6.5.0,80.0,38.0,,,52.0,0.0,,,,,,,,,,3.0,,,,,,,
95,EnergyDataModel,data,"['pypi', 'python', 'jupyter', 'gha', 'for-profit']",,rebase-energy/EnergyDataModel,MIT,Represent energy systems as Python data classes.,https://github.com/rebase-energy/EnergyDataModel,https://www.energydatamodel.org/,2023-12-23 11:12:27,2025-04-07 08:14:32.000000,2025-04-07 08:14:27,97.0,4.0,1.0,60.0,3.0,14,True,https://docs.energydatamodel.org/en/latest/,3.0,2.0,,2025-03-23 21:17:53.000,0.0.3,3.0,20.0,energydatamodel,,,22.0,2.0,,https://pypi.org/project/energydatamodel,2025-03-23 21:17:53.000,2.0,22.0,,,,3.0,,,,,,,
96,GridPACK,phasor,"['c', 'python', 'lab']",,GridOPTICS/GridPACK,https://github.com/GridOPTICS/GridPACK/blob/develop/docs/markdown/LICENSE.md,High-Performance Electric Grid Simulation.,https://github.com/GridOPTICS/GridPACK,https://gridpack.pnnl.gov/wiki/index.php/Main_Page,2014-07-22 21:01:57,2025-06-04 22:35:57.000000,2025-03-26 18:12:12,3130.0,21.0,32.0,52.0,52.0,14,True,https://github.com/GridOPTICS/GridPACK/blob/develop/docs/user_manual/GridPACK.pdf,15.0,100.0,104.0,2020-01-31 21:18:21.000,3.4,5.0,5.0,,,618.0,6.0,,,,,,,,,,2.0,,,,,,,
97,PowerGraphics.jl,vis,"['gha', 'julia', 'jupyter', 'lab']",,NREL-Sienna/powergraphics.jl,BSD-3,Visualization for PowerSimulations; NREL Sienna.,https://github.com/NREL-Sienna/PowerGraphics.jl,https://www.nrel.gov/analysis/sienna.html,2020-02-19 23:29:27,2025-03-26 13:53:10.000000,2025-03-19 19:32:42,601.0,18.0,15.0,30.0,11.0,14,True,https://nrel-sienna.github.io/PowerGraphics.jl/stable/,9.0,84.0,24.0,2025-03-26 13:46:46.000,0.20.0,43.0,21.0,,,,,,,,,,,,,,3.0,,,,,,,
98,PowerNetworkMatrices.jl,steady-state,"['gha', 'julia', 'lab']",,NREL-Sienna/PowerNetworkMatrices.jl,BSD-3,Power systems matrices; NREL Sienna.,https://github.com/NREL-Sienna/PowerNetworkMatrices.jl,https://www.nrel.gov/analysis/sienna.html,2022-11-16 21:59:51,2025-05-30 01:03:07.000000,2025-04-11 23:18:52,625.0,19.0,26.0,24.0,8.0,14,True,https://nrel-sienna.github.io/PowerNetworkMatrices.jl/stable/,5.0,63.0,33.0,2025-04-11 23:36:21.000,0.13.0,30.0,5.0,,,,,,,,,,,,,,3.0,,,,,,,
99,UnitCommitment.jl,steady-state,"['julia', 'gha', 'lab']",,ANL-CEEESA/UnitCommitment.jl,BSD-3,Optimization package for the Security-Constrained Unit Commitment Problem.,https://github.com/ANL-CEEESA/UnitCommitment.jl,https://github.com/ANL-CEEESA/UnitCommitment.jl,2020-05-13 15:18:42,2025-05-29 17:33:33.000000,2024-08-19 15:17:16,270.0,28.0,1.0,120.0,6.0,13,True,https://anl-ceeesa.github.io/UnitCommitment.jl/,5.0,25.0,7.0,2024-05-21 16:03:30.000,0.4.0,7.0,,,,,,,,,,,,,,,3.0,,,,,,,
100,ExaGO,steady-state,"['gha', 'jupyter', 'c', 'python', 'lab']",,pnnl/ExaGO,BSD-3,Large-scale power grid optimization.,https://github.com/pnnl/ExaGO,https://www.gridpath.io/,2023-08-02 21:05:34,2025-05-25 17:01:19.000000,2025-05-05 15:41:00,1153.0,12.0,47.0,79.0,31.0,13,True,https://github.com/pnnl/ExaGO/blob/develop/docs/manual/manual.pdf,12.0,81.0,38.0,2023-10-25 18:01:10.000,1.6.0,1.0,2.0,,,,,,,,,,,,,,3.0,,,,,,,
101,PowerSystems,phasor,"['modelica', 'non-profit']",,modelica-3rdparty/PowerSystems,https://modelica.org/licenses/ModelicaLicense2/,Modelica 3rd party library for electrical power systems.,https://github.com/modelica-3rdparty/PowerSystems,https://github.com/modelica-3rdparty/PowerSystems,2013-04-19 08:46:45,2024-05-07 09:11:07.000000,2024-05-07 08:58:45,190.0,37.0,14.0,72.0,10.0,13,True,https://build.openmodelica.org/Documentation/PowerSystems.html,30.0,17.0,27.0,2024-05-07 09:11:07.000,2.0.0,7.0,,,,,,,,,,,,,,,3.0,,,,,,,
102,CIMTool,intf,"['gha', 'java', 'non-profit']",,CIMug-org/CIMTool,LGPL-2.1,CIMugs CIMTool for the CIM.,https://github.com/cimug-org/CIMTool,https://github.com/cimug-org/CIMTool,2020-04-14 18:23:49,2025-05-28 21:55:13.000000,2025-05-05 17:00:29,485.0,6.0,35.0,54.0,17.0,13,True,http://cimtool.ucaiug.io/,16.0,110.0,52.0,2024-10-02 05:23:38.000,2.2.0,12.0,4.0,,,2276.0,37.0,,,,,,,,,,2.0,,,,,,,
103,PyDSS,intf,"['gha', 'pypi', 'python', 'lab']",,NREL/PyDSS,BSD-3,A Python wrapper for OpenDSS.,https://github.com/NREL/PyDSS,https://www.nrel.gov/grid/pydss.html,2018-10-16 15:59:07,2025-02-12 18:48:57.000000,2024-09-30 20:12:32,958.0,23.0,17.0,38.0,23.0,13,True,https://nrel.github.io/PyDSS/index.html,7.0,122.0,16.0,2024-05-29 18:05:37.000,3.1.7,21.0,,pydss,,,19.0,2.0,2.0,https://pypi.org/project/pydss,2011-08-17 20:40:53.000,,19.0,,,,2.0,,,,,,,
104,AltDSS-Python,intf,"['gha', 'pypi', 'python', 'jupyter']",,dss-extensions/AltDSS-Python,BSD-3,Modern Python bindings for an alternative implementation of OpenDSS.,https://github.com/dss-extensions/AltDSS-Python,https://dss-extensions.org/,2023-11-10 01:17:41,2024-03-29 05:48:06.000000,2024-03-29 05:44:37,466.0,1.0,7.0,16.0,,13,True,https://dss-extensions.org/AltDSS-Python/,3.0,,2.0,2024-03-29 06:29:57.000,0.2.4,10.0,,altdss,,,6565.0,14.0,12.0,https://pypi.org/project/altdss,2024-03-29 05:48:06.000,2.0,6565.0,,,,2.0,,,,,,,
105,KVXOPT,opl,"['gha', 'pypi', 'conda', 'python', 'volunteer']",,sanurielf/kvxopt,GPL-3,CVXOPT with more wrappers suite-sparse.,https://github.com/sanurielf/kvxopt,https://github.com/sanurielf/kvxopt,2014-03-17 19:08:31,2025-04-22 14:58:03.722000,2024-05-08 15:53:33,276.0,1.0,,11.0,15.0,13,True,https://sanurielf.github.io/kvxopt/userguide/,2.0,4.0,7.0,2023-10-16 05:45:01.000,1.3.2.0,19.0,,kvxopt,conda-forge/kvxopt,,9498.0,42.0,30.0,https://pypi.org/project/kvxopt,2024-05-08 16:49:17.000,12.0,2297.0,https://anaconda.org/conda-forge/kvxopt,2025-04-22 14:58:03.722,316855.0,3.0,,,,,,,
106,OpenDER,phasor,"['pypi', 'jupyter', 'python', 'c', 'non-profit']",,epri-dev/OpenDER,BSD-3,Inverter-based DER simulation.,https://github.com/epri-dev/OpenDER,https://www.epri.com/OpenDER,2022-04-26 22:09:28,2025-05-03 22:14:06.000000,2025-04-15 17:33:02,125.0,24.0,,61.0,2.0,12,True,,18.0,14.0,1.0,2025-04-15 17:34:05.000,2.2,15.0,2.0,opender,,,975.0,3.0,3.0,https://pypi.org/project/opender,2025-04-13 13:19:28.000,,975.0,,,,3.0,,,,,,,
107,ExaModels,opl,"['gha', 'julia', 'university']",,exanauts/ExaModels.jl,MIT,"An algebraic modeling and automatic differentiation tool in Julia Language, specialized for SIMD abstraction of..",https://github.com/exanauts/ExaModels.jl,https://github.com/exanauts/ExaModels.jl,2023-03-28 20:02:20,2025-06-05 00:54:41.000000,2025-06-04 05:56:02,125.0,6.0,12.0,58.0,7.0,12,True,https://exanauts.github.io/ExaModels.jl/stable/,3.0,111.0,16.0,2025-05-15 20:38:43.000,0.8.1,6.0,6.0,,,,,,,,,,,,,,3.0,,,,,,,
108,STEPS,phasor,"['c', 'python', 'university']",,changgang/steps,MIT,Balanced large-scale AC-DC hybrid power system analysis.,https://github.com/changgang/steps,https://github.com/changgang/steps,2019-08-24 12:09:47,2024-09-22 02:32:39.000000,2024-03-24 14:56:04,588.0,19.0,1.0,57.0,4.0,12,True,https://github.com/changgang/steps/wiki/,5.0,,2.0,2024-09-22 02:32:39.000,2.2.1,44.0,,stepspy,,48.0,136.0,7.0,7.0,https://pypi.org/project/stepspy,2024-09-22 02:32:39.000,,136.0,,,,3.0,,,,,,,
109,MOST,steady-state,"['gha', 'octave', 'university']",,MATPOWER/most,BSD-3,MATPOWER Optimal Scheduling Tool.,https://github.com/MATPOWER/most,https://matpower.org/,2016-12-16 19:10:43,2025-05-27 20:02:18.000000,2025-05-23 19:19:03,241.0,12.0,8.0,34.0,,12,True,https://github.com/MATPOWER/most/blob/master/docs/MOST-manual.pdf,5.0,9.0,34.0,2024-05-15 22:02:10.000,1.3,5.0,8.0,,,,,,,,,,,,,,3.0,,,,,,,
110,grg-pssedata,intf,"['pypi', 'python', 'lab']",,lanl-ansi/grg-pssedata,BSD-3,Python tools for working with PSSE v33 data files.,https://github.com/lanl-ansi/grg-pssedata,https://github.com/lanl-ansi/grg-pssedata,2018-05-26 20:24:25,2020-12-15 03:35:19.000000,2020-12-14 22:39:36,35.0,12.0,3.0,31.0,3.0,12,True,https://grg-pssedata.readthedocs.io/en/stable/,6.0,5.0,10.0,2020-12-15 03:35:19.000,0.1.4,7.0,,grg-pssedata,,,27.0,7.0,6.0,https://pypi.org/project/grg-pssedata,2020-12-15 03:35:19.000,1.0,27.0,,,,3.0,,,,,,,
111,OpenDSSDirect.jl,intf,"['gha', 'julia', 'volunteer']",,dss-extensions/OpenDSSDirect.jl,MIT,Cross-platform Julia interface to OpenDSS.,https://github.com/dss-extensions/OpenDSSDirect.jl,https://dss-extensions.org/,2015-12-30 20:40:07,2024-10-30 03:12:01.000000,2024-10-30 02:29:29,290.0,6.0,10.0,28.0,8.0,12,True,https://dss-extensions.org/OpenDSSDirect.jl/,7.0,61.0,35.0,2024-10-30 03:10:57.000,0.9.9,23.0,,,,,,,,,,,,,,,3.0,,,,,,,
112,matpower-pip,intf,"['gha', 'pypi', 'python', 'university']",,yasirroni/matpower-pip,MIT,Easy Python Access to MATPOWER.,https://github.com/yasirroni/matpower-pip,https://github.com/yasirroni/matpower-pip,2021-12-27 15:47:13,2024-11-21 23:20:31.000000,2024-11-21 23:20:23,194.0,,4.0,24.0,1.0,12,True,,2.0,4.0,14.0,2024-06-12 17:51:04.000,2.1.8,23.0,,matpower,,,238.0,11.0,9.0,https://pypi.org/project/matpower,2024-10-05 10:33:32.000,2.0,238.0,,,,3.0,,,,,,,
113,PyPSA-Distribution,steady-state,"['gha', 'python', 'volunteer']",,pypsa-meets-earth/pypsa-distribution,GPL-3,Multi-energy model for small scale applications in high spatial and temporal resolution.,https://github.com/pypsa-meets-earth/pypsa-distribution,https://pypsa-meets-earth.github.io/,2022-05-29 15:03:11,2025-05-31 15:48:23.000000,2025-05-31 15:48:23,314.0,10.0,16.0,23.0,7.0,11,True,https://pypsa-distribution.readthedocs.io/,4.0,45.0,9.0,2024-12-31 21:40:12.000,0.0.1,1.0,10.0,,,,,,,,,,,,,,3.0,,,,,,,
114,cimpyorm,intf,"['gha', 'python', 'pypi', 'university']",,RWTH-IAEW/cimpyorm,BSD-3.0,Python ORM middleware for IEC CIM and CGMES datasets.,https://github.com/RWTH-IAEW/cimpyorm,https://github.com/RWTH-IAEW/cimpyorm,2019-01-17 11:51:43,2024-05-15 14:28:13.000000,2023-10-19 16:12:01,82.0,5.0,1.0,12.0,5.0,11,True,,3.0,17.0,2.0,2023-10-19 16:13:58.000,0.10.1,52.0,,cimpyorm,,,4926.0,4.0,4.0,https://pypi.org/project/cimpyorm,2023-10-19 16:13:58.000,,4926.0,,,,3.0,,,,,,,
115,LTB AGVis,vis,"['pypi', 'python', 'university']",,CURENT/agvis,GPL-3.0,Geographical Visualization for Power Grid; CURENT LTB.,https://github.com/CURENT/agvis,https://ltb.curent.org/,2019-08-30 19:15:27,2024-12-03 19:07:50.000000,2024-06-07 19:51:43,503.0,5.0,9.0,7.0,9.0,11,True,https://agvis.readthedocs.io/en/latest/,,48.0,16.0,2024-06-07 18:28:30.000,4.0.0,2.0,,agvis,,18.0,44.0,3.0,3.0,https://pypi.org/project/agvis,2024-06-07 18:28:30.000,,44.0,,,,3.0,,,,,,,
116,ParaEMT,emt,"['python', 'lab']",,NREL/ParaEMT_public,BSD-3,Parallel EMT simulation.,https://github.com/NREL/ParaEMT_public,https://github.com/NREL/ParaEMT_public,2023-06-08 12:43:21,2025-05-24 02:33:36.000000,2025-05-24 02:33:11,136.0,27.0,2.0,70.0,4.0,10,True,,8.0,9.0,,,,,3.0,,,,,,,,,,,,,,3.0,,,,,,,
117,DSSData,steady-state,"['gha', 'pypi', 'python']",,felipemarkson/dssdata,MIT,A micro-framework for simulation and data analysis of distribution systems modeled on OpenDSS.,https://github.com/felipemarkson/dssdata,https://github.com/felipemarkson/dssdata,2020-03-27 20:15:33,2023-04-10 13:02:09.000000,2023-04-10 13:02:03,186.0,3.0,5.0,16.0,2.0,10,True,https://felipemarkson.github.io/dssdata/,2.0,64.0,31.0,2023-04-10 12:47:00.587,0.2.0,10.0,,dssdata,,56.0,59.0,2.0,2.0,https://pypi.org/project/dssdata,2023-01-24 14:40:53.571,,59.0,,,,3.0,,,,,,,
118,mhi-pscad,intf,"['pypi', 'python', 'for-profit']",,,BSD-3,PSCAD Automation library.,,https://www.pscad.com/,,2025-05-22 17:00:58.000000,,,,,,,10,True,https://www.pscad.com/webhelp-v501-al/index.html,,,,2025-04-15 22:09:45.000,3.0.7,31.0,,mhi-pscad,,,2587.0,1.0,,https://pypi.org/project/mhi-pscad,2025-05-22 17:00:58.000,1.0,2587.0,,,,3.0,,,,,,,
119,DeepSolar,data,"['python', 'university']",,wangzhecheng/DeepSolar,MIT,Houseshold-level solar panel identification with deep learning.,https://github.com/wangzhecheng/DeepSolar,https://deepsolar.web.app,2017-06-24 23:09:16,2023-03-24 22:39:39.000000,2019-03-26 09:03:56,16.0,71.0,13.0,254.0,2.0,9,True,,22.0,15.0,4.0,,,,,,,,,,,,,,,,,,3.0,,,,,,,
120,RLGC,mrl,"['python', 'jupyter', 'lab']",,RLGC-Project/RLGC,BSD,RL for Grid Control (RLGC).,https://github.com/RLGC-Project/RLGC,https://github.com/RLGC-Project/RLGC,2018-12-03 19:07:39,2022-04-08 07:14:43.000000,2022-04-08 07:12:43,90.0,31.0,5.0,125.0,4.0,9,True,,3.0,3.0,10.0,2020-12-23 06:10:29.000,V1.0.0_RC,2.0,,,,,,,,,,,,,,,2.0,,,,,,,
121,PyPSA MCP,llm,"['python', 'pypi', 'volunteer']",,cdgaete/pypsa-mcp,MIT,PyPSA Energy Modeling for LLMs.,https://github.com/cdgaete/pypsa-mcp,https://github.com/cdgaete/pypsa-mcp,2025-04-22 06:42:57,2025-04-22 21:33:35.000000,2025-04-22 21:33:29,16.0,2.0,,32.0,2.0,9,True,,1.0,,,2025-04-22 21:10:20.000,0.1.3,4.0,16.0,pypsamcp,,,32.0,,,https://pypi.org/project/pypsamcp,2025-04-22 21:10:20.000,,32.0,,,,1.0,,,,,,,
122,EV-EcoSim,steady-state,"['gha', 'python', 'university']",,ebalogun01/EV-EcoSim/,MIT,A grid-aware co-simulation platform for the design and optimization of EV Charging Infrastructure.,https://github.com/ebalogun01/EV-EcoSim,https://github.com/ebalogun01/EV-EcoSim,2021-01-13 18:55:38,2024-04-19 05:40:52.000000,2024-04-19 05:40:52,509.0,5.0,9.0,25.0,,9,True,https://ebalogun01.github.io/EV-EcoSim/,2.0,33.0,63.0,,,,,,,,,,,,,,,,,,3.0,,,,,,,
123,DSS MATLAB,intf,"['gha', 'octave', 'volunteer']",,dss-extensions/dss_matlab,BSD-3,MATLAB interface to OpenDSS.,https://github.com/dss-extensions/dss_matlab,https://dss-extensions.org/,2018-07-23 03:17:34,2024-10-30 16:51:03.000000,2024-10-30 16:43:11,62.0,2.0,7.0,11.0,,8,True,https://dss-extensions.org/dss-extensions/pascal/,3.0,,14.0,2024-10-30 17:03:32.000,0.14.3-1,19.0,,,,1189.0,15.0,,,,,,,,,,3.0,,,,,,,
124,DSS Sharp,intf,"['gha', 'volunteer']",,dss-extensions/dss_sharp,BSD-3,C#/.NET wrapper library for DSS C-API.,https://github.com/dss-extensions/dss_sharp,https://dss-extensions.org/,2018-07-01 04:22:15,2024-03-15 04:51:26.000000,2024-03-15 04:40:46,37.0,,3.0,10.0,,8,True,https://dss-extensions.org/dss-extensions/pascal/,3.0,1.0,12.0,2024-03-15 05:08:24.000,0.14.4,9.0,,,,55.0,0.0,3.0,3.0,,,,,,,,3.0,,,,,,,
125,CIMTool-Builders-Library,intf,"['gha', 'non-profit']",,CIMug-org/CIMTool-Builders-Library,Apache-2.0,Publically available XSLT builders.,https://github.com/cimug-org/CIMTool-Builders-Library,https://github.com/cimug-org/CIMTool-Builders-Library,2022-09-02 21:37:09,2025-05-05 16:49:05.000000,2025-05-05 16:49:05,221.0,3.0,,7.0,5.0,8,True,https://cimtool-builders.ucaiug.io/,7.0,8.0,,,,,2.0,,,,,,,,,,,,,,3.0,,,,,,,
126,AMES - Version 5.0,steady-state,"['java', 'university', 'python']",,ames-market/AMES-V5.0,https://github.com/ames-market/AMES-V5.0/blob/master/LICENSE.rst,Wholesale Power Market Test Bed.,https://github.com/ames-market/AMES-V5.0,https://www2.econ.iastate.edu/tesfatsi/AMESMarketHome.htm,2020-08-03 08:54:08,2025-05-16 03:45:22.000000,2025-05-16 03:44:05,120.0,6.0,3.0,24.0,3.0,7,True,https://www2.econ.iastate.edu/tesfatsi/AMESMarketProjectSetUpInfo.pdf,3.0,,,,,,1.0,,,,,,,,,,,,,,3.0,,,,,,,
127,PowerSAS.m,phasor,"['octave', 'lab']",,ANL-CEEESA/powersas.m,BSD-3,Power grid analysis framework based on semi-analytical solutions.,https://github.com/ANL-CEEESA/powersas.m,https://github.com/ANL-CEEESA/powersas.m,2021-12-10 21:25:47,2024-01-05 12:21:48.000000,2024-01-05 12:21:48,75.0,5.0,1.0,20.0,4.0,7,True,https://powersasm.readthedocs.io/en/latest/index.html,,6.0,,,,,,,,,,,,,,,,,,,3.0,,,,,,,
128,Daline,mrl,"['octave', 'university']",,JarvisETHZ/Daline,BSD-3,A Data-driven Power Flow Linearization Toolbox.,https://github.com/JarvisETHZ/Daline,https://github.com/JarvisETHZ/Daline,2024-07-10 03:44:21,2025-04-26 14:47:37.000000,2025-04-26 14:42:34,22.0,,,18.0,,7,True,https://www.shuo.science/daline,1.0,,,2025-04-26 14:47:38.000,1.1.7,3.0,2.0,,,6.0,0.0,,,,,,,,,,3.0,,,,,,,
129,PowerSystemsInvestmentsPortfolios.jl,steady-state,"['gha', 'julia', 'lab']",,NREL-Sienna/PowerSystemsInvestmentsPortfolios.jl,BSD-3,Data models for Power Systems investment models; NREL Sienna.,https://github.com/NREL-Sienna/PowerSystemsInvestmentsPortfolios.jl,https://www.nrel.gov/analysis/sienna.html,2024-02-29 21:31:12,2025-05-22 20:32:46.000000,2025-03-21 17:07:48,27.0,8.0,18.0,12.0,5.0,7,True,https://nrel-sienna.github.io/PowerSystemsInvestmentsPortfolios.jl/stable,4.0,14.0,15.0,,,,1.0,,,,,,,,,,,,,,3.0,,,,,,,
130,OptiVerse,ops,"['python', 'volunteer']",,feyntech-opt/OptiVerse,MIT,A library with innovative optimization solutions.,https://github.com/feyntech-opt/OptiVerse,https://www.opti-verse.org/,2024-06-16 02:40:23,2025-02-15 07:06:51.000000,2025-02-15 07:06:51,69.0,12.0,,12.0,5.0,7,True,https://www.opti-verse.org/handbook/,,3.0,,,,,,,,,,,,,,,,,,,3.0,,,,,,,
131,MPNG,gasnet,"['octave', 'university']",,MATPOWER/mpng,BSD-3,Simulator for Optimal Power and Natural Gas Flow.,https://github.com/MATPOWER/mpng,https://matpower.org/,2019-09-27 19:49:43,2023-09-13 12:15:23.000000,2023-09-13 12:15:23,65.0,5.0,,10.0,3.0,7,True,https://github.com/MATPOWER/mpng/blob/master/MPNG_User's_Manual/MPNG_Manual_V0.99a.pdf,4.0,2.0,,,,,,,,,,,,,,,,,,,3.0,,,,,,,
132,PowerFlowAnalyzer,steady-state,"['octave', 'java', 'university']",,power-flow-analyzer/PowerFlowAnalyzer,Apache-2.0,Toolbox for power system analysis.,https://github.com/power-flow-analyzer/PowerFlowAnalyzer,https://github.com/power-flow-analyzer/PowerFlowAnalyzer,2019-04-01 20:04:10,2019-05-16 20:34:24.000000,2019-05-16 20:34:21,651.0,1.0,,5.0,3.0,7,True,https://power-flow-analyzer.github.io/,,,,2019-04-28 17:41:46.000,2.3.0,1.0,,,,146.0,1.0,,,,,,,,,,3.0,,,,,,,
133,LTB DiME,msg,"['c', 'python', 'octave', 'university']",,CURENT/dime,GPL-3.0,Distributed Messaging Environment; CURENT LTB.,https://github.com/CURENT/dime,https://ltb.curent.org/,2020-04-29 20:36:10,2023-07-31 21:24:25.000000,2023-07-31 21:24:15,531.0,2.0,13.0,3.0,4.0,7,True,https://ltbdime.readthedocs.io/en/latest/,4.0,11.0,35.0,,,,,,,,,,,,,,,,,,3.0,,,,,,,
134,DOPER,steady-state,"['gha', 'python', 'jupyter', 'lab']",,LBNL-ETA/DOPER,BSD-3,Distributed Optimal and Predictive Energy Resources.,https://github.com/LBNL-ETA/DOPER,https://github.com/LBNL-ETA/DOPER,2019-02-05 16:36:15,2025-01-30 23:57:36.000000,2025-01-30 23:53:24,78.0,11.0,,20.0,3.0,6,True,,2.0,5.0,,,,,,,,,,,,,,,,,,,3.0,,,,,,,
135,PowerSystemsInvestments.jl,steady-state,"['gha', 'julia', 'lab']",,NREL-Sienna/PowerSystemsInvestments.jl,BSD-3,Power Systems investment models; NREL Sienna.,https://github.com/NREL-Sienna/PowerSystemsInvestments.jl,https://www.nrel.gov/analysis/sienna.html,2024-02-29 21:28:33,2025-05-12 19:50:36.000000,2024-10-08 01:39:23,19.0,11.0,11.0,18.0,4.0,6,True,https://nrel-sienna.github.io/PowerSystemsInvestments.jl/stable,6.0,17.0,1.0,,,,,,,,,,,,,,,,,,3.0,,,,,,,
136,ASSET,steady-state,"['python', 'lab']",,NREL/ASSET,BSD-3,Assess and analyze grid strength.,https://github.com/NREL/ASSET,https://github.com/NREL/ASSET,2025-04-22 16:07:29,2025-05-05 22:49:47.000000,2025-05-05 22:49:47,18.0,4.0,,12.0,2.0,6,True,,3.0,,,,,,18.0,,,,,,,,,,,,,,3.0,,,,,,,
137,OpenHybridSim,phasor,"['java', 'university']",,OpenHybridSim/OpenHybridSim-code,BSD-3,EMT-TS hybrid simulation.,https://github.com/OpenHybridSim/OpenHybridSim-code,https://github.com/OpenHybridSim/OpenHybridSim-code,2015-01-17 03:59:14,2020-05-05 20:35:13.000000,2020-05-05 20:35:12,16.0,4.0,1.0,8.0,,6,True,,5.0,,,,,,,,,,,,,,,,,,,,3.0,,,,,,,
138,EGRIP.jl,steady-state,"['julia', 'octave', 'gha', 'lab']",,ANL-CEEESA/EGRIP.jl,BSD 3,Julia/MATALB package for power system restoration planning and verification.,https://github.com/ANL-CEEESA/EGRIP.jl,https://www.nrel.gov/reopt/,2020-04-23 02:17:47,2025-05-06 20:50:00.000000,2025-05-06 20:46:12,159.0,,,8.0,5.0,6,True,https://anl-ceeesa.github.io/EGRIP.jl/stable/,2.0,4.0,,,,,2.0,,,,,,,,,,,,,,3.0,,,,,,,
139,GSEIM,pe,"['gha', 'pypi', 'python', 'volunteer']",,gseim/gseim,GPL-3.0,Simulation of electrical circuits.,https://github.com/gseim/gseim,https://github.com/gseim/gseim,2021-06-08 11:11:31,2022-07-16 09:00:00.315000,,,,,2.0,1.0,6,True,https://gseim.github.io/build/html/index.html,,,,,,5.0,,GSEIM,,,8.0,,,https://pypi.org/project/GSEIM,2022-07-16 09:00:00.315,,8.0,,,,1.0,,,,,,,
140,PSSE RAW,intf,"['pypi', 'python', 'for-profit']",,anderson-optimization/em-psse,MIT,PSSE RAW parser.,https://github.com/anderson-optimization/em-psse,https://github.com/anderson-optimization/em-psse,2019-02-14 21:15:32,2021-01-07 22:33:21.000000,2020-01-07 18:15:29,19.0,15.0,,35.0,2.0,5,True,,4.0,,1.0,,,,,,,,,,,,,,,,,,3.0,,,,,,,
141,mypower,steady-state,"['python', 'intf', 'university']",,yasirroni/mypower,MIT,Supplementary function of MATPOWER in Python.,https://github.com/yasirroni/mypower,https://github.com/yasirroni/mypower,2020-03-09 07:23:38,2022-11-26 22:27:49.000000,2022-11-26 22:27:22,39.0,1.0,,8.0,,5,True,,2.0,3.0,,,,,,,,,,,,,,,,,,,3.0,,,,,,,
142,OpenDER interface,intf,"['python', 'jupyter', 'non-profit']",,epri-dev/OpenDER_interface,BSD-3,Interface for OpenDER.,https://github.com/epri-dev/OpenDER_interface,https://www.epri.com/OpenDER,2023-11-28 15:57:02,2025-02-10 04:13:30.000000,2025-02-10 04:13:25,47.0,1.0,,5.0,2.0,5,True,,10.0,,,,,,,,,,,,,,,,,,,,3.0,,,,,,,
143,PSAT,phasor,"['octave', 'university']",,Sinan81/PSAT,GPL,Unofficial repository of PSAT by Prof. Federico Milano.,https://github.com/Sinan81/PSAT,http://faraday1.ucd.ie/psat.html,2017-08-14 00:34:41,2023-12-08 10:57:10.000000,2020-06-23 22:43:53,16.0,7.0,,12.0,2.0,4,True,https://www.amazon.com/dp/B08P3QTQDV?ref_=pe_3052080_397514860,5.0,1.0,2.0,2020-02-24 07:44:55.000,2.1.11,2.0,,,,127.0,1.0,,,,,,,,,,3.0,,,,,,,
144,matmtdc,phasor,"['octave', 'university']",,HuaizhiWang/matmtdc,undefined,Dynamic analysis of AC/DC hybrid power systems.,https://github.com/HuaizhiWang/matmtdc,https://github.com/HuaizhiWang/matmtdc,2021-03-03 12:12:22,2021-05-04 03:35:50.000000,2021-05-04 03:35:50,5.0,5.0,,11.0,,4,True,,1.0,,,,,,,,,,,,,,,,,,,,3.0,,,,,,,
145,andes_gym,mrl,"['python', 'jupyter', 'university']",,cuihantao/andes_gym,GPL-3,ANDES RL Environment for OpenAI Gym.,https://github.com/cuihantao/andes_gym,https://github.com/cuihantao/andes_gym,2020-04-19 18:18:34,2022-01-28 19:53:49.000000,2022-01-28 19:53:49,31.0,5.0,,10.0,2.0,4,True,,2.0,1.0,,,,,,,,,,,,,,,,,,,3.0,,,,,,,
146,Andes.jl,intf,"['julia', 'university']",,cuihantao/Andes.jl,MIT,Julia interface for ANDES.,https://github.com/cuihantao/Andes.jl,https://ltb.curent.org,2020-04-03 21:53:26,2024-02-05 08:03:58.000000,2024-02-05 04:08:07,58.0,1.0,,8.0,,4,True,,1.0,1.0,1.0,,,,,,,,,,,,,,,,,,3.0,,,,,,,
147,GenSAS,phasor,"['cpp', 'gha', 'lab']",,ANL-CEEESA/gensas,BSD-3,A C++ based generalized simulation tool based on semi-analytical solutions.,https://github.com/ANL-CEEESA/gensas,https://github.com/ANL-CEEESA/gensas,2022-05-26 03:52:10,2025-03-04 04:41:59.000000,2025-03-04 04:41:58,7.0,1.0,,1.0,3.0,4,True,,,6.0,4.0,,,,,,,,,,,,,,,,,,3.0,,,,,,,
148,PST,phasor,"['octave', 'university']",,cuihantao/pst,MIT,Unofficial repository of PST by Prof. Joe Chow.,https://github.com/cuihantao/pst,https://sites.ecse.rpi.edu/~chowj/,2020-04-11 01:17:35,2020-04-11 01:18:54.000000,2020-04-11 01:18:26,1.0,1.0,,5.0,,3,True,https://github.com/cuihantao/pst/blob/master/PSTv3/PSTMan.pdf,2.0,,,,,,,,,,,,,,,,,,,,3.0,,,,,,,
149,EasySimauto.jl,intf,"['julia', 'university']",,mzy2240/EasySimauto.jl,Apache-2.0,Julia interface for EasySimAuto and PowerWorld.,https://github.com/mzy2240/EasySimauto.jl,https://github.com/mzy2240/EasySimauto.jl,2022-09-16 15:59:20,2023-07-31 19:46:50.000000,2023-07-31 19:46:46,15.0,,,5.0,2.0,3,True,,1.0,,2.0,2022-09-27 15:08:27.000,0.1.0,1.0,,,,,,,,,,,,,,,3.0,,,,,,,
150,AMES (V4.0),steady-state,"['java', 'university']",,ames-market/AMES-v4.0,GPL-2,Agent based Modeling of Electricity Systems.,https://github.com/ames-market/AMES-v4.0,https://www2.econ.iastate.edu/tesfatsi/AMESMarketHome.htm,2017-04-18 18:19:21,2022-12-26 20:28:08.000000,2020-08-28 07:29:40,6.0,7.0,3.0,13.0,2.0,2,True,https://github.com/ames-market/AMES-v4.0/blob/master/USAGE.md,2.0,6.0,2.0,,,,,,,,,,,,,,,,,,3.0,,,,,,,
151,OpenDSS,steady-state,"['python', 'julia', 'c', 'octave', 'non-profit']",,,BSD,Distribution system simulator.,,https://www.epri.com/pages/sa/opendss,,,,,,,,,2,True,https://opendss.epri.com/opendss_documentation.html,,,,,,,,,,,,,,,,,,,,,3.0,,,,,,,
